0,1,2,3,4,5,6,7,8,9,10,11,12,13,14,15,16,17,18,19,20,21,22,23,24,25,26,27,28,29,30,31,32,33,34,35,36,37,38,39,40,41,42,43,44,45,46,47,48,49,50,51,52,53,54,55,56,57,58,59,60,61,62,63,64,65,66,67,68,69,70,71,72,73,74,75,76,77,78,79,80,81,82,83,84
0.0,0.0,-0.25867421148748826,-0.0738685545502541,-0.5001786983209515,-0.26413586403723444,-0.6758828351130354,-0.43312227679431997,-0.8301792092401841,-0.5633412735612132,-0.43548879544250174,-0.7573637159970292,-0.6282761461683155,-0.9687208828486882,-0.671314674168047,-0.8228156783588189,-0.637755672499291,-0.6815047978277787,-0.32958634547371224,-0.8081327975345556,-0.5306073941119891,-1.0,-0.5679307845127792,-0.8312641104414861,-0.5284482050074527,-0.6973901900051858,-0.21435924927946812,-0.7966227991907237,-0.3947929678755213,-0.9799396325478752,-0.45035481736365185,-0.8343019818976626,-0.42892311307284353,-0.7071904600765984,-0.09622855219064642,-0.7392880352835391,-0.23990916004137705,-0.8974088990282909,-0.31936277758402337,-0.8331826491828624,-0.3344334140190807,-0.7541044462067455,0.0,0.0,0.0,0.0,0.0,0.0,0.0,0.0,0.0,0.0,0.0,0.0,0.0,0.0,0.0,0.0,0.0,0.0,0.0,0.0,0.0,0.0,0.0,0.0,0.0,0.0,0.0,0.0,0.0,0.0,0.0,0.0,0.0,0.0,0.0,0.0,0.0,0.0,0.0,0.0,0.0,0.0,drink
0.0,0.0,-0.22977262995069625,-0.08088872654924252,-0.4184985796433924,-0.23984852604133158,-0.5789273915177996,-0.35280671182199275,-0.7105989110791505,-0.48052950396244787,-0.30706728586328375,-0.6691123687821783,-0.4103219882363711,-0.9205015372688246,-0.5469082022336921,-0.9111312652092532,-0.6304576617510499,-0.8473087245799519,-0.2486123303879295,-0.7086411502870806,-0.38931906589214055,-0.9920711840901613,-0.5424304873855869,-0.9579312025793556,-0.6230921920856194,-0.8564905996351508,-0.1827663090813121,-0.7131465366658157,-0.32045523357423705,-1.0,-0.4887233900761129,-0.9488680845097769,-0.5799656504066447,-0.8322049113738523,-0.1185439148344078,-0.6825028530501059,-0.25261801504270526,-0.903960879834764,-0.3880718869470392,-0.8731585461101091,-0.4706592995828286,-0.7707116218353282,0.0,0.0,0.0,0.0,0.0,0.0,0.0,0.0,0.0,0.0,0.0,0.0,0.0,0.0,0.0,0.0,0.0,0.0,0.0,0.0,0.0,0.0,0.0,0.0,0.0,0.0,0.0,0.0,0.0,0.0,0.0,0.0,0.0,0.0,0.0,0.0,0.0,0.0,0.0,0.0,0.0,0.0,drink
0.0,0.0,-0.22207882748762273,-0.11192926019405376,-0.3935793074916708,-0.2754768766424736,-0.5505633546777788,-0.36966402527787057,-0.6698677868791397,-0.49381218793294657,-0.16206449998758407,-0.7405295833827237,-0.3074048765037901,-0.9382019971354371,-0.46810784231503916,-0.930896283986231,-0.5857067257258275,-0.8733667797842629,-0.11125411540805967,-0.7638640115032302,-0.3257081640981335,-1.0,-0.5011953248683327,-0.9705705277983018,-0.6045816140411374,-0.8720396822087402,-0.0812019732406528,-0.7479111976112712,-0.2883192689882714,-0.9836995404236498,-0.47356452083695466,-0.946583912625676,-0.5830095433894142,-0.8410240180063597,-0.08467608745865851,-0.689606987022321,-0.2480398077734887,-0.9016785851663991,-0.3904938349114042,-0.8955451220203555,-0.49012337205069256,-0.8111030628896665,0.0,0.0,0.0,0.0,0.0,0.0,0.0,0.0,0.0,0.0,0.0,0.0,0.0,0.0,0.0,0.0,0.0,0.0,0.0,0.0,0.0,0.0,0.0,0.0,0.0,0.0,0.0,0.0,0.0,0.0,0.0,0.0,0.0,0.0,0.0,0.0,0.0,0.0,0.0,0.0,0.0,0.0,drink
0.0,0.0,-0.24473170567279826,-0.08638036827929409,-0.42353201401155066,-0.23719989439914418,-0.5943283581355101,-0.3259220822166141,-0.7449266932735552,-0.43449437685284353,-0.2358742247551337,-0.7260484489443728,-0.40765965424823236,-0.9138167106711239,-0.5650394982138643,-0.8843473795757808,-0.6654421199297995,-0.8084764124052957,-0.19009753316696032,-0.7645501962055044,-0.43891868857121696,-0.9958414127091565,-0.6086136295471785,-0.9322102539612008,-0.6934915476258138,-0.81502135268004,-0.1616086760009753,-0.753357046778079,-0.4002918293921234,-1.0,-0.5847529291812416,-0.9435807990481161,-0.6847125538307252,-0.8267917146139332,-0.1642698569344603,-0.696903892149344,-0.3479877894704727,-0.9125166293053201,-0.49245797801917696,-0.9048069302899029,-0.5899929902880182,-0.8248804670648104,0.0,0.0,0.0,0.0,0.0,0.0,0.0,0.0,0.0,0.0,0.0,0.0,0.0,0.0,0.0,0.0,0.0,0.0,0.0,0.0,0.0,0.0,0.0,0.0,0.0,0.0,0.0,0.0,0.0,0.0,0.0,0.0,0.0,0.0,0.0,0.0,0.0,0.0,0.0,0.0,0.0,0.0,drink
0.0,0.0,-0.25319368902983436,-0.08046663228183706,-0.43186566822931155,-0.22219727235825007,-0.5989883298501449,-0.30248865952044657,-0.7401997487812673,-0.41565741060774547,-0.24595703633423996,-0.7199381175250995,-0.4014912950946439,-0.9176774554817363,-0.5582617216887805,-0.8922216968274758,-0.6519875887625473,-0.81319330073161,-0.19836035965612106,-0.7647140119713365,-0.4256373136200456,-0.994871653386612,-0.5910016484792376,-0.9289074488627843,-0.6670886855262093,-0.8040529648996287,-0.16656282243760853,-0.7646744157708346,-0.39180606445188515,-1.0,-0.5738549609057771,-0.9359169981890486,-0.6653152866624413,-0.8117083154831107,-0.16250536145327762,-0.7223795426102377,-0.3382515646247034,-0.9382181760866027,-0.4832159369853292,-0.9206083406969493,-0.5753023936286392,-0.8271378052515802,0.0,0.0,0.0,0.0,0.0,0.0,0.0,0.0,0.0,0.0,0.0,0.0,0.0,0.0,0.0,0.0,0.0,0.0,0.0,0.0,0.0,0.0,0.0,0.0,0.0,0.0,0.0,0.0,0.0,0.0,0.0,0.0,0.0,0.0,0.0,0.0,0.0,0.0,0.0,0.0,0.0,0.0,drink
0.0,0.0,-0.25983819294587024,-0.07096235402420416,-0.4560058018165877,-0.21752727931291788,-0.6201177828956579,-0.31265750983517004,-0.7542635640168068,-0.4372579161665448,-0.29549711642299414,-0.6991164804963896,-0.4397589956773887,-0.8737752892377001,-0.5906003155100518,-0.862720077128262,-0.7001302936672549,-0.8154655815399481,-0.24463368240428227,-0.7550100185592568,-0.4475673454888807,-0.9685591627026383,-0.6109006277688076,-0.9408718255865163,-0.7187040603311539,-0.8550666340999674,-0.19976741142838564,-0.7770258596251659,-0.4086156116480228,-1.0,-0.5855610755931667,-0.9660406175527523,-0.700539123971912,-0.8710463503128902,-0.17069625829584267,-0.7628034554020281,-0.35422102846818554,-0.9680663629795091,-0.4979424133697586,-0.957544524616206,-0.6008279250310283,-0.8788037810690207,0.0,0.0,0.0,0.0,0.0,0.0,0.0,0.0,0.0,0.0,0.0,0.0,0.0,0.0,0.0,0.0,0.0,0.0,0.0,0.0,0.0,0.0,0.0,0.0,0.0,0.0,0.0,0.0,0.0,0.0,0.0,0.0,0.0,0.0,0.0,0.0,0.0,0.0,0.0,0.0,0.0,0.0,drink
0.0,0.0,-0.2666891755405165,-0.059912146402793125,-0.46850712354805346,-0.2032173247867682,-0.6382024617551513,-0.30764019431771894,-0.7730601894829564,-0.4486615544755221,-0.30919769432599764,-0.6929017847780038,-0.47111187949740546,-0.8402546970601773,-0.6299832273475366,-0.8302777560078548,-0.75012638820053,-0.791157572419335,-0.25635031718471113,-0.7516794729004933,-0.47297058631982947,-0.9461884299053247,-0.638829159579177,-0.9181045854080683,-0.7513411499008211,-0.831422424688638,-0.20732797682846196,-0.7734916478924078,-0.4247427255035935,-1.0,-0.6046051389773484,-0.9686637290148674,-0.7211029109023896,-0.8680231229696481,-0.1718037859061151,-0.7587806684556024,-0.3594854344497808,-0.9833622903970356,-0.5074889148165604,-0.9863796017171134,-0.6109638728435358,-0.9103822111643278,0.0,0.0,0.0,0.0,0.0,0.0,0.0,0.0,0.0,0.0,0.0,0.0,0.0,0.0,0.0,0.0,0.0,0.0,0.0,0.0,0.0,0.0,0.0,0.0,0.0,0.0,0.0,0.0,0.0,0.0,0.0,0.0,0.0,0.0,0.0,0.0,0.0,0.0,0.0,0.0,0.0,0.0,drink
0.0,0.0,-0.2639354992982616,-0.06592145465793611,-0.45601356090974254,-0.206687876954735,-0.6238395539148448,-0.30748043825332677,-0.7616148813516376,-0.444006813910161,-0.2997152461239853,-0.6970472690337289,-0.4414455646786729,-0.8610031431518942,-0.5914334439917316,-0.8586404318693993,-0.7091972979094832,-0.8271378889931549,-0.24935324343549628,-0.7547976805063705,-0.4507588866298951,-0.9584584021863306,-0.615092640987995,-0.9359353139230495,-0.7287999039120203,-0.8514050399022887,-0.20464820117488397,-0.7756323735321492,-0.4086791248315581,-1.0,-0.5910905272718199,-0.978019600412213,-0.7139390367838169,-0.8850627067303817,-0.17453295592841445,-0.7593832489912682,-0.3466608330147768,-0.9812672315308976,-0.4945437713106082,-0.9846761061772176,-0.6029542666189152,-0.9040579072674213,0.0,0.0,0.0,0.0,0.0,0.0,0.0,0.0,0.0,0.0,0.0,0.0,0.0,0.0,0.0,0.0,0.0,0.0,0.0,0.0,0.0,0.0,0.0,0.0,0.0,0.0,0.0,0.0,0.0,0.0,0.0,0.0,0.0,0.0,0.0,0.0,0.0,0.0,0.0,0.0,0.0,0.0,drink
0.0,0.0,-0.3271808123359406,-0.09066974607055751,-0.5561789223791905,-0.24672404073163978,-0.7714097217463044,-0.3168031365700562,-0.9628949633334198,-0.3259827130860411,-0.3466013737432889,-0.8639908992261467,-0.6378055960721167,-0.986234743421705,-0.8354150370045726,-0.9055871274543434,-0.9704411585933463,-0.7988334218151539,-0.31443009335501215,-0.8867006314856972,-0.6868899446121854,-0.9885009735490087,-0.875639501347208,-0.8653996368728489,-0.9977912846122489,-0.7361188269458049,-0.3083503372175079,-0.8391333275694103,-0.6435426913424818,-0.9225278325589074,-0.8557270768749852,-0.8366247138968496,-1.0,-0.7188270578465698,-0.3450690167537822,-0.7333894911234029,-0.6117687855183861,-0.7953317452044751,-0.7825724363598473,-0.7606324305822303,-0.9156122453362175,-0.6881873875031301,0.0,0.0,0.0,0.0,0.0,0.0,0.0,0.0,0.0,0.0,0.0,0.0,0.0,0.0,0.0,0.0,0.0,0.0,0.0,0.0,0.0,0.0,0.0,0.0,0.0,0.0,0.0,0.0,0.0,0.0,0.0,0.0,0.0,0.0,0.0,0.0,0.0,0.0,0.0,0.0,0.0,0.0,drink
0.0,0.0,-0.31971745751445946,-0.08757944027222492,-0.5514491215190627,-0.23061339894244984,-0.7744854611652894,-0.27994563438129344,-0.9698858123592496,-0.3078705145884384,-0.35611940594648755,-0.8066893520769055,-0.6253064018492247,-0.9138058909314577,-0.8220198613081479,-0.8581966090933442,-0.9684034563834959,-0.7718683717100369,-0.31171301302592286,-0.8512826516136073,-0.6632244367503646,-1.0,-0.8595914642010337,-0.9150844750443953,-0.9940785126836575,-0.7922435738449786,-0.2854841813906884,-0.822373634659074,-0.6229922915901943,-0.973435847577853,-0.8382249823906983,-0.8883556384487942,-0.9890653677119813,-0.7577221996249963,-0.30514072560243655,-0.7280742864512545,-0.5725179813291799,-0.8351670155457891,-0.742289110011012,-0.813383069276481,-0.8793194376928343,-0.7479240865484776,0.0,0.0,0.0,0.0,0.0,0.0,0.0,0.0,0.0,0.0,0.0,0.0,0.0,0.0,0.0,0.0,0.0,0.0,0.0,0.0,0.0,0.0,0.0,0.0,0.0,0.0,0.0,0.0,0.0,0.0,0.0,0.0,0.0,0.0,0.0,0.0,0.0,0.0,0.0,0.0,0.0,0.0,drink
0.0,0.0,-0.3000929302444335,-0.03518186813578916,-0.5404480474737167,-0.19780384899311032,-0.7624262485122836,-0.2665321874050974,-0.9666293597724637,-0.2984472244225757,-0.31781073154022366,-0.811219979051049,-0.5794220563433218,-0.9184140645008845,-0.7954103401548256,-0.8788330752378166,-0.9564952452541745,-0.7931517070381974,-0.2793874057317028,-0.851901541516111,-0.6209960504646116,-1.0,-0.8397438947128876,-0.919127692657797,-0.9855248457572031,-0.8000053125651682,-0.2678860986027954,-0.817165294518305,-0.6020159202512605,-0.994954252470541,-0.8242062274364653,-0.9109455493787074,-0.9735450113030771,-0.7853588875647122,-0.3054629821252005,-0.7115622033982972,-0.5686113826862709,-0.868278911257167,-0.7407484056357594,-0.8418857703338432,-0.8686053961389545,-0.7623023547350417,0.0,0.0,0.0,0.0,0.0,0.0,0.0,0.0,0.0,0.0,0.0,0.0,0.0,0.0,0.0,0.0,0.0,0.0,0.0,0.0,0.0,0.0,0.0,0.0,0.0,0.0,0.0,0.0,0.0,0.0,0.0,0.0,0.0,0.0,0.0,0.0,0.0,0.0,0.0,0.0,0.0,0.0,drink
0.0,0.0,-0.2950412439923024,-0.05763366824937868,-0.5224616812849945,-0.2293131158796623,-0.739335454360839,-0.2930452861936582,-0.9455480664158825,-0.31279366399442987,-0.3318539005309016,-0.8101287122010656,-0.5799005889235946,-0.9332150973319537,-0.7788028121343403,-0.8824504636927153,-0.9263630825169956,-0.787190283244205,-0.2885052558287963,-0.8470044193445445,-0.6177651848485142,-1.0,-0.8234526975408331,-0.9187084296337843,-0.9591954278641124,-0.79732402402112,-0.2646063688847199,-0.811427245210765,-0.5848610855921632,-0.9890160430910269,-0.8006597104700751,-0.9000245626589561,-0.9433219545687512,-0.7720418919049599,-0.2858060710383042,-0.7112224274482879,-0.5310017503312091,-0.8850896923865428,-0.6950725758879788,-0.8631395719908325,-0.8154744751423957,-0.7837062538076957,0.0,0.0,0.0,0.0,0.0,0.0,0.0,0.0,0.0,0.0,0.0,0.0,0.0,0.0,0.0,0.0,0.0,0.0,0.0,0.0,0.0,0.0,0.0,0.0,0.0,0.0,0.0,0.0,0.0,0.0,0.0,0.0,0.0,0.0,0.0,0.0,0.0,0.0,0.0,0.0,0.0,0.0,drink
0.0,0.0,-0.29711791197168125,-0.05809784765130757,-0.5203840495149051,-0.22090103924650825,-0.7384678048946064,-0.2855741098596352,-0.944273493069154,-0.30853881636623054,-0.3301227767705367,-0.8034030573050598,-0.5742019353854521,-0.9228288167446774,-0.7690377342810893,-0.8795516535205125,-0.913291953866928,-0.7977704403288665,-0.28676641279509596,-0.8453115691229434,-0.6136723905790902,-1.0,-0.811561710065167,-0.9298140889163036,-0.9437272809913906,-0.8094219242505287,-0.26146196783825254,-0.8173724311938596,-0.582820771821075,-0.9816359597941092,-0.7912806605420687,-0.9064295794127986,-0.9317461190656496,-0.7850710095208666,-0.27963873533176725,-0.7276543663608269,-0.5348356506380733,-0.8826408729717488,-0.6964582438423367,-0.8682696430543086,-0.8167300467752614,-0.7965980351190957,0.0,0.0,0.0,0.0,0.0,0.0,0.0,0.0,0.0,0.0,0.0,0.0,0.0,0.0,0.0,0.0,0.0,0.0,0.0,0.0,0.0,0.0,0.0,0.0,0.0,0.0,0.0,0.0,0.0,0.0,0.0,0.0,0.0,0.0,0.0,0.0,0.0,0.0,0.0,0.0,0.0,0.0,drink
0.0,0.0,-0.28908537759463937,-0.051327839180498325,-0.5204802249008357,-0.22241152231678668,-0.7366020333500212,-0.29014248854315094,-0.9401850425540108,-0.3109119266761659,-0.3343285708784226,-0.810747872299457,-0.5694306234836524,-0.9373096622636423,-0.7601396002618709,-0.896933030384719,-0.9018698733007279,-0.814040898062926,-0.29191127199907574,-0.8454761813070436,-0.6070535679901413,-1.0,-0.8048975622905996,-0.9312704586590673,-0.935649093079678,-0.8172472753879925,-0.2662513960026187,-0.8110605768860477,-0.5767229560596141,-0.9823395078368699,-0.782174875803905,-0.9027916201332461,-0.9182238995648323,-0.78102784303154,-0.2818234682481611,-0.7151041706781684,-0.5251534640120152,-0.878013632687642,-0.6824558092964147,-0.8568660222590211,-0.7978272422690338,-0.7798424923941927,0.0,0.0,0.0,0.0,0.0,0.0,0.0,0.0,0.0,0.0,0.0,0.0,0.0,0.0,0.0,0.0,0.0,0.0,0.0,0.0,0.0,0.0,0.0,0.0,0.0,0.0,0.0,0.0,0.0,0.0,0.0,0.0,0.0,0.0,0.0,0.0,0.0,0.0,0.0,0.0,0.0,0.0,drink
0.0,0.0,-0.30368192483820916,-0.04972585436929947,-0.5349178903480554,-0.21565728721189872,-0.7579014968020286,-0.28652712598872193,-0.9707696262094893,-0.3105497577867767,-0.3151145151320188,-0.8193335351776861,-0.5844411119100783,-0.9257334992241608,-0.7845772780027501,-0.8934746716875449,-0.9429182593447628,-0.8267103155079539,-0.27311866871034074,-0.8595419552410147,-0.6213449220376187,-1.0,-0.8352415903442708,-0.9425815892719727,-0.9891520487201807,-0.8366976686977254,-0.25820859983095534,-0.8226103520922429,-0.5946870781768409,-0.9860691916133671,-0.811929553167064,-0.9171854697296548,-0.9654921059935158,-0.8023490425008515,-0.29450865092280715,-0.7232871614376364,-0.5538676058736707,-0.8822025318851001,-0.7162275369312089,-0.8674284714074859,-0.8392092905171,-0.7960567813394895,0.0,0.0,0.0,0.0,0.0,0.0,0.0,0.0,0.0,0.0,0.0,0.0,0.0,0.0,0.0,0.0,0.0,0.0,0.0,0.0,0.0,0.0,0.0,0.0,0.0,0.0,0.0,0.0,0.0,0.0,0.0,0.0,0.0,0.0,0.0,0.0,0.0,0.0,0.0,0.0,0.0,0.0,drink
0.0,0.0,-0.28374407441778804,-0.04299613426303314,-0.5098634294385432,-0.21886521965412156,-0.7248147079848004,-0.29346210762613023,-0.9305676174770188,-0.31708252862463787,-0.3255652817316495,-0.8197533515594627,-0.5650375757157727,-0.9372962101355673,-0.7599890345376792,-0.889301345640151,-0.9093552480592935,-0.7984745544840041,-0.2851909824552603,-0.857271065601525,-0.5992299878353127,-1.0,-0.80407564052722,-0.9287503605512986,-0.947709088400908,-0.8148949228106698,-0.2606017757935264,-0.8218641442706831,-0.5700498266218538,-0.9948511706943904,-0.778367157225448,-0.9127097467989315,-0.922118959981941,-0.7912713665834786,-0.27583624387062794,-0.7219279461743939,-0.519356901892424,-0.8941691800749947,-0.6768410062829983,-0.8723487722444475,-0.7951492525614818,-0.7950062077527935,0.0,0.0,0.0,0.0,0.0,0.0,0.0,0.0,0.0,0.0,0.0,0.0,0.0,0.0,0.0,0.0,0.0,0.0,0.0,0.0,0.0,0.0,0.0,0.0,0.0,0.0,0.0,0.0,0.0,0.0,0.0,0.0,0.0,0.0,0.0,0.0,0.0,0.0,0.0,0.0,0.0,0.0,drink
0.0,0.0,-0.2823296677129051,-0.045918691060967215,-0.5093961713470626,-0.2047563246247759,-0.7246952344323406,-0.271771850573029,-0.9281487219938009,-0.30127318885478016,-0.2992687036330609,-0.812016649995261,-0.5606421402481676,-0.936696179101812,-0.7562876134719579,-0.8969425138077621,-0.9034972353143454,-0.8185506138393295,-0.25956947824636134,-0.8471946214938154,-0.5969841074635938,-1.0,-0.8036293793772231,-0.9319990725633049,-0.9434721851238841,-0.8253501191019843,-0.24652034995069075,-0.8103532954160031,-0.5742364509253609,-0.990688034265026,-0.7833131109312984,-0.9121762881696206,-0.921564626436489,-0.7961965695808597,-0.2799280453253352,-0.7128569045077027,-0.5330724395423287,-0.8946431131167277,-0.6930006336961877,-0.8707291109375649,-0.8080437117207162,-0.7902684944898197,0.0,0.0,0.0,0.0,0.0,0.0,0.0,0.0,0.0,0.0,0.0,0.0,0.0,0.0,0.0,0.0,0.0,0.0,0.0,0.0,0.0,0.0,0.0,0.0,0.0,0.0,0.0,0.0,0.0,0.0,0.0,0.0,0.0,0.0,0.0,0.0,0.0,0.0,0.0,0.0,0.0,0.0,drink
0.0,0.0,-0.30533670136903923,-0.05332112189612234,-0.5350330440699692,-0.2267204972138538,-0.7569843552499619,-0.2995954796582644,-0.9677879166114448,-0.3219637731758506,-0.3185563074512845,-0.8230523186235627,-0.5919792220945252,-0.9152145144667947,-0.7961075054842672,-0.8770198818286298,-0.9542413314950241,-0.8074613727580771,-0.27620925866949403,-0.8627214229621175,-0.6237733340981966,-0.9991569360897422,-0.8414766871663202,-0.933109940518696,-0.9956970508587898,-0.8232426113222178,-0.260839068159205,-0.8236477250923275,-0.5968447413344622,-1.0,-0.8214124782162334,-0.9289966906477667,-0.9755192992797758,-0.8131151626883888,-0.2998170262512932,-0.7202994043957218,-0.5566898169669084,-0.9057813770307613,-0.7249781915072487,-0.8942827132336506,-0.8483958641998508,-0.8190846565137665,0.0,0.0,0.0,0.0,0.0,0.0,0.0,0.0,0.0,0.0,0.0,0.0,0.0,0.0,0.0,0.0,0.0,0.0,0.0,0.0,0.0,0.0,0.0,0.0,0.0,0.0,0.0,0.0,0.0,0.0,0.0,0.0,0.0,0.0,0.0,0.0,0.0,0.0,0.0,0.0,0.0,0.0,drink
0.0,0.0,-0.30429849226645245,-0.038990283848439174,-0.5304931255145424,-0.20569605905256585,-0.7477519219526164,-0.2816363542358523,-0.9617170503943334,-0.3158067428421434,-0.33062715511241386,-0.8240382282639389,-0.5863934106754376,-0.9387106909484284,-0.7847250006959994,-0.8636525252846637,-0.9209949211929828,-0.7454849524930698,-0.28663283446748095,-0.8697268102944277,-0.6154845945505236,-1.0,-0.8180649625950039,-0.908847942029216,-0.9477833413538977,-0.7689966075000895,-0.2688967813010814,-0.8450434900193686,-0.6001043999093212,-0.9966727251756902,-0.8069420968274359,-0.8973858262705966,-0.936150606314902,-0.7565099806313311,-0.29907730365857055,-0.7603073533330417,-0.5671186022741284,-0.9195790595656168,-0.7277270250599553,-0.8734354927874577,-0.8399595127208804,-0.7657150697789108,0.0,0.0,0.0,0.0,0.0,0.0,0.0,0.0,0.0,0.0,0.0,0.0,0.0,0.0,0.0,0.0,0.0,0.0,0.0,0.0,0.0,0.0,0.0,0.0,0.0,0.0,0.0,0.0,0.0,0.0,0.0,0.0,0.0,0.0,0.0,0.0,0.0,0.0,0.0,0.0,0.0,0.0,drink
0.0,0.0,-0.2323817777194973,-0.07279638002170315,-0.47499938235355604,-0.26733562527675314,-0.6760953722127516,-0.3425391160244094,-0.8693827906596654,-0.400473972378851,-0.3205261967612521,-0.8158155498668734,-0.5308513448538649,-0.9429404911904613,-0.701723518646271,-0.9173999555294561,-0.8432189072028978,-0.8398668924401975,-0.27629739011119536,-0.856617844090834,-0.5537149058041662,-0.9872297321694974,-0.7294077625805079,-0.9432202375183156,-0.8725143531531326,-0.8439627435664996,-0.23861639594747916,-0.8563430389345313,-0.5152893150966094,-1.0,-0.7083154215864581,-0.9583960957142938,-0.865069718030145,-0.8562852652363876,-0.22239148902204714,-0.8030266576205218,-0.46504634248780385,-0.9233126374263337,-0.6270103441525986,-0.9265243989349875,-0.7650700981202643,-0.8768850094357372,0.0,0.0,0.0,0.0,0.0,0.0,0.0,0.0,0.0,0.0,0.0,0.0,0.0,0.0,0.0,0.0,0.0,0.0,0.0,0.0,0.0,0.0,0.0,0.0,0.0,0.0,0.0,0.0,0.0,0.0,0.0,0.0,0.0,0.0,0.0,0.0,0.0,0.0,0.0,0.0,0.0,0.0,drink
0.0,0.0,-0.2988500200288211,-0.08517682839988748,-0.530637818886884,-0.2571551541159914,-0.7528651414944992,-0.3309855867032168,-0.9559573874570537,-0.38661470550963245,-0.3279563501171323,-0.8729674473787354,-0.5939944139009827,-0.9308226882405122,-0.790520698344768,-0.8918835997892364,-0.954854723368828,-0.8277607699541789,-0.28880657651539315,-0.9119649940933614,-0.6304299977989876,-0.9937810608566215,-0.8344940633475713,-0.9486151865152087,-1.0,-0.8602753344970059,-0.2668831584097312,-0.8836959118841726,-0.602199364648915,-0.9984035793720013,-0.812295616768027,-0.9554540186525017,-0.9751693622203469,-0.8614233135477614,-0.28402163034211425,-0.7957982240458061,-0.5504689019694158,-0.938220208747004,-0.718076001235078,-0.9381095696177104,-0.8563602002018968,-0.8782416382124012,0.0,0.0,0.0,0.0,0.0,0.0,0.0,0.0,0.0,0.0,0.0,0.0,0.0,0.0,0.0,0.0,0.0,0.0,0.0,0.0,0.0,0.0,0.0,0.0,0.0,0.0,0.0,0.0,0.0,0.0,0.0,0.0,0.0,0.0,0.0,0.0,0.0,0.0,0.0,0.0,0.0,0.0,drink
0.0,0.0,-0.30684293440110805,-0.07215806522473872,-0.5429102488213043,-0.23083595171501958,-0.7530716923518638,-0.3008237022478959,-0.9484088692019911,-0.34803972730900196,-0.3718822920783891,-0.803145298423922,-0.6208207783517138,-0.8681823953567323,-0.8026051688907997,-0.8232979514263978,-0.9547308527189031,-0.7568866986461532,-0.3321564902394241,-0.8479743541147244,-0.656458400606181,-0.9411905005024505,-0.8470838091886452,-0.8823892904012934,-1.0,-0.7781912009564457,-0.3067939516042431,-0.8301894541545513,-0.6334975261803629,-0.9420492066105676,-0.8352930847971339,-0.8807608008009065,-0.9885137225305417,-0.7760370882666232,-0.31781093620066064,-0.7567729078411285,-0.5889879890414179,-0.8845038400628789,-0.7513723660913951,-0.8679732764931934,-0.8811752706205329,-0.7957986324756697,0.0,0.0,0.0,0.0,0.0,0.0,0.0,0.0,0.0,0.0,0.0,0.0,0.0,0.0,0.0,0.0,0.0,0.0,0.0,0.0,0.0,0.0,0.0,0.0,0.0,0.0,0.0,0.0,0.0,0.0,0.0,0.0,0.0,0.0,0.0,0.0,0.0,0.0,0.0,0.0,0.0,0.0,drink
0.0,0.0,-0.30547541912611065,-0.06294551226183355,-0.5537256208856225,-0.22615225605912034,-0.7608863750323468,-0.29873308080439653,-0.9595674706076128,-0.3524402726575356,-0.36853726465549613,-0.8209131892746102,-0.6207635301733174,-0.8882048816971296,-0.794757976891529,-0.8388707456770481,-0.9459054145265313,-0.7728783000446137,-0.3261128640021869,-0.8703962933072665,-0.6553056800581744,-0.9363311482131901,-0.8439652213441983,-0.8874085939185729,-0.9965698963290135,-0.7892705405004864,-0.3061711151023618,-0.854175673216396,-0.6414812181283321,-0.9397766094112462,-0.8400048990511352,-0.8936560359304704,-1.0,-0.7987196429682107,-0.32296533882928036,-0.7833452226188731,-0.6010425457251172,-0.8963309332078111,-0.762617552271263,-0.8829660452755256,-0.8973685261304484,-0.8171736314331721,0.0,0.0,0.0,0.0,0.0,0.0,0.0,0.0,0.0,0.0,0.0,0.0,0.0,0.0,0.0,0.0,0.0,0.0,0.0,0.0,0.0,0.0,0.0,0.0,0.0,0.0,0.0,0.0,0.0,0.0,0.0,0.0,0.0,0.0,0.0,0.0,0.0,0.0,0.0,0.0,0.0,0.0,drink
0.0,0.0,-0.3053989902802844,-0.04756190359603797,-0.5494671717517905,-0.20756194993648464,-0.7637523481573204,-0.2698682251473771,-0.9654896901195024,-0.3154567980566361,-0.4223201850682971,-0.7470199713809125,-0.639716350126017,-0.8312607246757665,-0.8074301499827865,-0.7934071446542144,-0.9536545331286888,-0.7354282948202386,-0.374040390719476,-0.8067319539198322,-0.6669021662421045,-0.9044492814431033,-0.8478253104182399,-0.8584478923882147,-0.9974089897763321,-0.7613924609113505,-0.33712481857232424,-0.8162464199591393,-0.6359940537483533,-0.9327397379563592,-0.8381333990852782,-0.8827372375030917,-1.0,-0.7780441280764988,-0.33381263514756826,-0.7707771737000202,-0.5987757240163806,-0.8808287834416316,-0.7616768754027033,-0.8674692188410216,-0.8959415616074033,-0.7981180372272116,0.0,0.0,0.0,0.0,0.0,0.0,0.0,0.0,0.0,0.0,0.0,0.0,0.0,0.0,0.0,0.0,0.0,0.0,0.0,0.0,0.0,0.0,0.0,0.0,0.0,0.0,0.0,0.0,0.0,0.0,0.0,0.0,0.0,0.0,0.0,0.0,0.0,0.0,0.0,0.0,0.0,0.0,drink
0.0,0.0,-0.30527535798407296,-0.04913198988048504,-0.5401531731811763,-0.20175835679630497,-0.7491267173025875,-0.2678626790639353,-0.9446254696189268,-0.3005369401600755,-0.38414008568418406,-0.7737329755649567,-0.6389557228081175,-0.8262271445731273,-0.8163453749426008,-0.7652381815166427,-0.9554589874924866,-0.6868228691835078,-0.34268266846126044,-0.8268441320521928,-0.6659883255538843,-0.8998077905693713,-0.853313240018291,-0.8292775705494889,-1.0,-0.7178693416850968,-0.3167584574546103,-0.8132228584466219,-0.6359752783202142,-0.9139095398189876,-0.8369523349371557,-0.8481085345780451,-0.9929629299427781,-0.7385236590156768,-0.32662335483586463,-0.73925491763754,-0.6013204452356506,-0.8441002249952786,-0.7589463663789756,-0.8318076410198891,-0.8851887534954794,-0.7717056214308242,0.0,0.0,0.0,0.0,0.0,0.0,0.0,0.0,0.0,0.0,0.0,0.0,0.0,0.0,0.0,0.0,0.0,0.0,0.0,0.0,0.0,0.0,0.0,0.0,0.0,0.0,0.0,0.0,0.0,0.0,0.0,0.0,0.0,0.0,0.0,0.0,0.0,0.0,0.0,0.0,0.0,0.0,drink
0.0,0.0,-0.3011227609138179,-0.03127314668153762,-0.527952772160263,-0.1787246786125186,-0.7359330487379571,-0.24610935974031387,-0.9328552404990751,-0.302563432252963,-0.3551114056382153,-0.7700673702211408,-0.6022519907692009,-0.8247915716540875,-0.7934470763523465,-0.7770431723841645,-0.9453277403625614,-0.7042645355689995,-0.31780958594397934,-0.8204216113638755,-0.6459373239472797,-0.8755959750245582,-0.8462370642573284,-0.8181179071147512,-1.0,-0.7179878243103965,-0.299207573684574,-0.8078985015457917,-0.6328843317098193,-0.8920312723856296,-0.8388900590062602,-0.8324230200710327,-0.9935228771264505,-0.7246858425120954,-0.3172787522096668,-0.74107661833416,-0.5917140849596538,-0.8514101246165487,-0.7531727780089473,-0.834283792085935,-0.8783152136377465,-0.7598118146846116,0.0,0.0,0.0,0.0,0.0,0.0,0.0,0.0,0.0,0.0,0.0,0.0,0.0,0.0,0.0,0.0,0.0,0.0,0.0,0.0,0.0,0.0,0.0,0.0,0.0,0.0,0.0,0.0,0.0,0.0,0.0,0.0,0.0,0.0,0.0,0.0,0.0,0.0,0.0,0.0,0.0,0.0,drink
0.0,0.0,-0.30659784143242613,-0.029578457645154863,-0.5406474469386504,-0.17599459799251596,-0.748435880645543,-0.2336896258408358,-0.9462050088048559,-0.2839010079045214,-0.37574322889426504,-0.764582163431539,-0.6132184224796895,-0.8182784878233217,-0.7945165538614757,-0.7657804255082978,-0.9444376782313667,-0.6961790894981136,-0.33463154693745567,-0.8186218945490831,-0.6549142042040538,-0.873215084766732,-0.8481535240043614,-0.8131389494529195,-1.0,-0.7098845251525192,-0.31114268106225607,-0.8098004656610618,-0.6413346072656538,-0.8904343690392821,-0.8425769225284447,-0.825163966112578,-0.9973988193129476,-0.7187475790982085,-0.32506818993822145,-0.7430893732384025,-0.6046953065049558,-0.850653918093449,-0.7663458325416221,-0.8298440871798292,-0.8931191852588712,-0.7558620992672833,0.0,0.0,0.0,0.0,0.0,0.0,0.0,0.0,0.0,0.0,0.0,0.0,0.0,0.0,0.0,0.0,0.0,0.0,0.0,0.0,0.0,0.0,0.0,0.0,0.0,0.0,0.0,0.0,0.0,0.0,0.0,0.0,0.0,0.0,0.0,0.0,0.0,0.0,0.0,0.0,0.0,0.0,drink
0.0,0.0,-0.2985766574308863,-0.017526323141291097,-0.5363006633653389,-0.17024042470322873,-0.7465097349223389,-0.23588048140191908,-0.9456778921409748,-0.2859151690785918,-0.36987024124179935,-0.7666634112518808,-0.5957339021360061,-0.8318801343306057,-0.7774395475310661,-0.7810252377652498,-0.9268698953377661,-0.7080161411506348,-0.3339487493954461,-0.8219244014868037,-0.6515981816887199,-0.8731979625513165,-0.8459538371807537,-0.8078999189518447,-0.9982218431587847,-0.7024163089277091,-0.3159298340088643,-0.8178863901743022,-0.6419387434695536,-0.8871006588518554,-0.8427794186711137,-0.8261394502966254,-1.0,-0.7225997509024049,-0.33191612547017074,-0.7604550369502548,-0.6107462928153514,-0.8436790026135403,-0.7714891421541067,-0.8213870635004321,-0.8979771812284223,-0.7538953113077935,0.0,0.0,0.0,0.0,0.0,0.0,0.0,0.0,0.0,0.0,0.0,0.0,0.0,0.0,0.0,0.0,0.0,0.0,0.0,0.0,0.0,0.0,0.0,0.0,0.0,0.0,0.0,0.0,0.0,0.0,0.0,0.0,0.0,0.0,0.0,0.0,0.0,0.0,0.0,0.0,0.0,0.0,drink
0.0,0.0,-0.2992295379543048,-0.011472035538651988,-0.5361448805139398,-0.17362948362141087,-0.7450905522506475,-0.24009196459718024,-0.9471234437176048,-0.27428734383151865,-0.3719846787413291,-0.763376002148619,-0.6014194082653915,-0.8276914076850174,-0.7877702366876692,-0.773916120507889,-0.9383885048884169,-0.6972264755548284,-0.33077927570547866,-0.8181387742375644,-0.6463123477675663,-0.873221446675043,-0.8448957950662028,-0.8088863609000738,-0.9997586276622347,-0.7024957629604018,-0.30817941585964825,-0.8108597871755848,-0.6364834192060606,-0.8814852174396242,-0.8418565488116223,-0.8102230735747649,-1.0,-0.6989965393651077,-0.3238865615613298,-0.7451644496170458,-0.6058412877513282,-0.837482133430474,-0.7696640313155043,-0.8112090149384588,-0.8967979865958281,-0.7366888268725554,0.0,0.0,0.0,0.0,0.0,0.0,0.0,0.0,0.0,0.0,0.0,0.0,0.0,0.0,0.0,0.0,0.0,0.0,0.0,0.0,0.0,0.0,0.0,0.0,0.0,0.0,0.0,0.0,0.0,0.0,0.0,0.0,0.0,0.0,0.0,0.0,0.0,0.0,0.0,0.0,0.0,0.0,drink
0.0,0.0,-0.30331698495934306,-0.008466531691311516,-0.5383040338982273,-0.16528328392134742,-0.7466823653857765,-0.23085295099997172,-0.947960733330429,-0.2642536191509087,-0.37790806542712513,-0.7467026193320477,-0.6134778930087199,-0.7955711880353443,-0.7984162942615602,-0.7394199881227802,-0.9479645548297254,-0.6662638806408195,-0.3350339005202589,-0.8027533138131149,-0.6499571609928867,-0.8531332854881621,-0.8444170188178268,-0.789999059911173,-1.0,-0.6874349867432189,-0.3107287828448311,-0.7975958183626098,-0.6374956339370538,-0.8640635377759027,-0.8390697859272525,-0.7955406160409726,-0.9977550602382934,-0.6882642520905512,-0.3261989762967685,-0.7333208752456268,-0.6124197198535296,-0.8173052009841125,-0.7726924449723209,-0.7898228887936062,-0.8981952587422528,-0.7163274321741198,0.0,0.0,0.0,0.0,0.0,0.0,0.0,0.0,0.0,0.0,0.0,0.0,0.0,0.0,0.0,0.0,0.0,0.0,0.0,0.0,0.0,0.0,0.0,0.0,0.0,0.0,0.0,0.0,0.0,0.0,0.0,0.0,0.0,0.0,0.0,0.0,0.0,0.0,0.0,0.0,0.0,0.0,drink
0.0,0.0,-0.3058701449190949,-0.011197614404618528,-0.5354814012383975,-0.17494902598534753,-0.7440719357250343,-0.24697786649080744,-0.9486586965443431,-0.2718868298320511,-0.36793831234147856,-0.7452184439140226,-0.622724083531092,-0.7837038728755399,-0.8075490973355564,-0.7254538229648809,-0.95373483089579,-0.6561686317352087,-0.32297158675277227,-0.8027155230387985,-0.6495340586121656,-0.8495081548843663,-0.844174132828645,-0.7876331158467588,-1.0,-0.6852965306248354,-0.29859410966090255,-0.797181091964748,-0.6305666670370849,-0.8697881680508173,-0.831526522773247,-0.8053714215207097,-0.9892532100888123,-0.7004559592560419,-0.31609675272247795,-0.7325930589505235,-0.6006080095399291,-0.8264534539517171,-0.7609087840077435,-0.8055879245711036,-0.8873841181792438,-0.7365839957113236,0.0,0.0,0.0,0.0,0.0,0.0,0.0,0.0,0.0,0.0,0.0,0.0,0.0,0.0,0.0,0.0,0.0,0.0,0.0,0.0,0.0,0.0,0.0,0.0,0.0,0.0,0.0,0.0,0.0,0.0,0.0,0.0,0.0,0.0,0.0,0.0,0.0,0.0,0.0,0.0,0.0,0.0,drink
0.0,0.0,-0.2992842182645632,-0.014842843798537599,-0.5332817286228201,-0.17016471585026482,-0.7423995645268493,-0.23892617554193707,-0.944541030222631,-0.2677688737155119,-0.39771968440656463,-0.7225673135815525,-0.636119429601817,-0.7666278203642104,-0.8156882473256988,-0.7148659335319388,-0.9582543071308339,-0.6443608680026524,-0.3536934423210283,-0.7857887947431724,-0.6618783050344574,-0.8366800467713116,-0.8452911934666567,-0.7784717244215009,-1.0,-0.6763169811555847,-0.3180620510302577,-0.7912481733606777,-0.6348701309573361,-0.8656508481875338,-0.826516670359207,-0.8033872210590829,-0.98345209814811,-0.6958003551847354,-0.3123219355192912,-0.7387585510861325,-0.5859241792339582,-0.8163494002315204,-0.7404414149606676,-0.8055708167574617,-0.8689700460353993,-0.7511900168247451,0.0,0.0,0.0,0.0,0.0,0.0,0.0,0.0,0.0,0.0,0.0,0.0,0.0,0.0,0.0,0.0,0.0,0.0,0.0,0.0,0.0,0.0,0.0,0.0,0.0,0.0,0.0,0.0,0.0,0.0,0.0,0.0,0.0,0.0,0.0,0.0,0.0,0.0,0.0,0.0,0.0,0.0,drink
0.0,0.0,-0.29652676714669746,-0.006522748465683195,-0.5424158125343831,-0.1625337978876564,-0.7483256146045891,-0.22277148531230614,-0.947137957807751,-0.25852760209595677,-0.3878280784852304,-0.7340390085172628,-0.6307511031864629,-0.7654592416007616,-0.812924546337733,-0.7083295942692829,-0.9548575319055961,-0.6364580203899292,-0.34190352824586523,-0.7959438633180259,-0.6534232919630282,-0.8423830388251405,-0.8411313952626384,-0.7822069971869233,-1.0,-0.675630406198913,-0.3101590695387881,-0.7977272993293094,-0.6349088773834095,-0.8575155187414896,-0.831372633172456,-0.7919181593660628,-0.996650253801165,-0.6889650140653836,-0.31711177785667743,-0.7307518835128735,-0.6137236005821235,-0.7978779023265432,-0.7754993113619427,-0.7780505885611951,-0.909221117193322,-0.7193243933937566,0.0,0.0,0.0,0.0,0.0,0.0,0.0,0.0,0.0,0.0,0.0,0.0,0.0,0.0,0.0,0.0,0.0,0.0,0.0,0.0,0.0,0.0,0.0,0.0,0.0,0.0,0.0,0.0,0.0,0.0,0.0,0.0,0.0,0.0,0.0,0.0,0.0,0.0,0.0,0.0,0.0,0.0,drink
0.0,0.0,-0.29735615365620804,-0.00120123611070747,-0.538646450471845,-0.16544437531471654,-0.7482706529675138,-0.2365533617905298,-0.9494992510067469,-0.2706486180743331,-0.3675916935985938,-0.7564655901013083,-0.6144453189453875,-0.7883881036503066,-0.8031196552555168,-0.7298102477934997,-0.9549233974737269,-0.6558895463791609,-0.3312616162161339,-0.8133064379810455,-0.6494187666057152,-0.8473400113045887,-0.841775298860862,-0.7849306946470064,-1.0,-0.6808019496560286,-0.31416120169477885,-0.8096034833474789,-0.6407208761036456,-0.8612198635738989,-0.8371217939935427,-0.8012549319184211,-0.9978165813682269,-0.7000517781002953,-0.3338538821614263,-0.7468319770001639,-0.6158149969860361,-0.8178895610090937,-0.7744216579944774,-0.800805753438578,-0.9033461622028567,-0.7419396483636321,0.0,0.0,0.0,0.0,0.0,0.0,0.0,0.0,0.0,0.0,0.0,0.0,0.0,0.0,0.0,0.0,0.0,0.0,0.0,0.0,0.0,0.0,0.0,0.0,0.0,0.0,0.0,0.0,0.0,0.0,0.0,0.0,0.0,0.0,0.0,0.0,0.0,0.0,0.0,0.0,0.0,0.0,drink
0.0,0.0,-0.29080655807037414,-0.005345781310596207,-0.5272739395330983,-0.1591034710493394,-0.7353637044725845,-0.22333885270459056,-0.9379135829793479,-0.25903880879422453,-0.40045701498673025,-0.7215546242191905,-0.625913467778747,-0.7691186641148945,-0.8094418333623308,-0.716909515056758,-0.9566877302285982,-0.6421537935912959,-0.3593146195480428,-0.7839854594748352,-0.6549493452700093,-0.838569240098173,-0.8433538130018081,-0.7844150945927126,-1.0,-0.6818849816685071,-0.32693851641352123,-0.7914691587870639,-0.6356769159694466,-0.8659439801570911,-0.8313336955050856,-0.8001092038573264,-0.9864159948932993,-0.6887378393338249,-0.3250523038344836,-0.742780334941802,-0.5989433106522287,-0.826081810574705,-0.7591461189430424,-0.8015551292081261,-0.8862139598667934,-0.7295760578433264,0.0,0.0,0.0,0.0,0.0,0.0,0.0,0.0,0.0,0.0,0.0,0.0,0.0,0.0,0.0,0.0,0.0,0.0,0.0,0.0,0.0,0.0,0.0,0.0,0.0,0.0,0.0,0.0,0.0,0.0,0.0,0.0,0.0,0.0,0.0,0.0,0.0,0.0,0.0,0.0,0.0,0.0,drink
0.0,0.0,-0.30514517457055795,-0.01534202725505403,-0.5340046533019075,-0.16747861657127053,-0.743456244375666,-0.2332346027755615,-0.9435187347609942,-0.27043591029122593,-0.3527382983963724,-0.7658806481464506,-0.5854779199310055,-0.8176910759106738,-0.7751619449494777,-0.771768214871277,-0.9281796965230955,-0.7022157783440526,-0.3149870117241209,-0.8210451516946133,-0.6403510939404253,-0.8592806591460338,-0.8418387477054312,-0.7970493219713485,-1.0,-0.6971623466733833,-0.2969010667204424,-0.8167409669908887,-0.6347177929416153,-0.8715057393114739,-0.8407226486996181,-0.8049670291480983,-0.9982727466198201,-0.6977585559619733,-0.3168645130333104,-0.7562986562175941,-0.6020607878411565,-0.8268195343031565,-0.7664158814850712,-0.8031784012823282,-0.8946018748709741,-0.7382665135227121,0.0,0.0,0.0,0.0,0.0,0.0,0.0,0.0,0.0,0.0,0.0,0.0,0.0,0.0,0.0,0.0,0.0,0.0,0.0,0.0,0.0,0.0,0.0,0.0,0.0,0.0,0.0,0.0,0.0,0.0,0.0,0.0,0.0,0.0,0.0,0.0,0.0,0.0,0.0,0.0,0.0,0.0,drink
0.0,0.0,-0.16570948109759645,-0.2485073948904574,-0.41963461346212544,-0.41217681445551035,-0.667027139622389,-0.40445141654468236,-0.860156385711891,-0.38197919038407663,-0.4039116573912984,-0.7029663566599248,-0.6724418361998219,-0.7738595402240305,-0.8565255551251842,-0.8238024663952414,-1.0,-0.8696116736981067,-0.4149972460879815,-0.6016250551637656,-0.6932689372788461,-0.7009586046541684,-0.8539105740718709,-0.754879403740987,-0.973418572200199,-0.8082254733630758,-0.4268270942370067,-0.4266013076615771,-0.6914265340278234,-0.48621922660115563,-0.7753111882569694,-0.5176780625535246,-0.8146449962235864,-0.5730067967840997,-0.4477648079312666,-0.19347020662512548,-0.6340178264963207,-0.2389776049365916,-0.686792967774478,-0.2817029629356512,-0.705119311480183,-0.33221035554543615,0.0,0.0,0.0,0.0,0.0,0.0,0.0,0.0,0.0,0.0,0.0,0.0,0.0,0.0,0.0,0.0,0.0,0.0,0.0,0.0,0.0,0.0,0.0,0.0,0.0,0.0,0.0,0.0,0.0,0.0,0.0,0.0,0.0,0.0,0.0,0.0,0.0,0.0,0.0,0.0,0.0,0.0,drink
0.0,0.0,-0.24383642942038253,-0.03645770227643938,-0.5064689296188936,-0.2143014641099919,-0.7377771760054387,-0.33246125554526007,-0.9398324851401425,-0.3966804522445669,-0.3025232574288215,-0.7583691786830444,-0.6404602546066428,-0.9772479439474374,-0.8336945549129035,-0.9246645004971477,-0.9418009872089282,-0.8435963813095276,-0.2484516928485087,-0.8164489266641632,-0.6137536368649109,-1.0,-0.792644999277135,-0.8989839713789765,-0.8788217332751667,-0.8058811787159451,-0.22813966193962543,-0.7964795052756488,-0.5693257552198917,-0.9718604646012869,-0.7377036241000964,-0.8534592963755836,-0.81503056121211,-0.7499406048592343,-0.24696483712760986,-0.7348534482240457,-0.525936932641956,-0.886283376351971,-0.6734206824161595,-0.8444461035364073,-0.7465333326162682,-0.779064944908832,0.0,0.0,0.0,0.0,0.0,0.0,0.0,0.0,0.0,0.0,0.0,0.0,0.0,0.0,0.0,0.0,0.0,0.0,0.0,0.0,0.0,0.0,0.0,0.0,0.0,0.0,0.0,0.0,0.0,0.0,0.0,0.0,0.0,0.0,0.0,0.0,0.0,0.0,0.0,0.0,0.0,0.0,drink
0.0,0.0,-0.30502411606511254,-0.13984003417460855,-0.5394171367851429,-0.31144692038501337,-0.7404350098241956,-0.4022757852074966,-0.9206615438232106,-0.4861448544080659,-0.3308033811704201,-0.8106392573450467,-0.5609351214741951,-0.9519004436873894,-0.7406820793883387,-0.9614641784284166,-0.8891951591774123,-0.9260123742347288,-0.29260033351043335,-0.838444292006764,-0.5709057844743227,-0.9919849696000653,-0.7615435553845933,-0.9950776913257492,-0.9198451764354557,-0.9483638002245052,-0.287862824835379,-0.8189000181786956,-0.5542836606335493,-0.9931081652473558,-0.7445329163281178,-1.0,-0.9002006352165189,-0.9505030610847693,-0.3209450377350216,-0.7550519532389045,-0.543019397639046,-0.9381288263559616,-0.6921610317732129,-0.9711444175167634,-0.825710668149084,-0.9497990132617434,0.0,0.0,0.0,0.0,0.0,0.0,0.0,0.0,0.0,0.0,0.0,0.0,0.0,0.0,0.0,0.0,0.0,0.0,0.0,0.0,0.0,0.0,0.0,0.0,0.0,0.0,0.0,0.0,0.0,0.0,0.0,0.0,0.0,0.0,0.0,0.0,0.0,0.0,0.0,0.0,0.0,0.0,drink
0.0,0.0,-0.2988014149881796,-0.08538211028674862,-0.5415103594600885,-0.2497965810223078,-0.7456543358538692,-0.3459165203140058,-0.9289918690116434,-0.4405326018585666,-0.4222758688346738,-0.7480055322267597,-0.6395808126371756,-0.8450272475633003,-0.8237720322469574,-0.8256421403331262,-0.9731744709663892,-0.7698724471639643,-0.3787651746710191,-0.8169825511721357,-0.6402188653549108,-0.9482782963973201,-0.8321736688319807,-0.9340595503045995,-0.992682110479107,-0.8696456566441543,-0.3357453790710245,-0.8331975924426243,-0.5944394965596705,-1.0,-0.7916660735616884,-0.9887608850793382,-0.9454344702354274,-0.9198281085593705,-0.31152438238535923,-0.8045115732414116,-0.5377957269511391,-0.9832125002164032,-0.6970126744930876,-0.9919201789702287,-0.830072923058575,-0.9415665281045198,0.0,0.0,0.0,0.0,0.0,0.0,0.0,0.0,0.0,0.0,0.0,0.0,0.0,0.0,0.0,0.0,0.0,0.0,0.0,0.0,0.0,0.0,0.0,0.0,0.0,0.0,0.0,0.0,0.0,0.0,0.0,0.0,0.0,0.0,0.0,0.0,0.0,0.0,0.0,0.0,0.0,0.0,drink
0.0,0.0,-0.29456282287586905,-0.05538642370464401,-0.5383980137018636,-0.21242318099266244,-0.7410706319980918,-0.3118894850269614,-0.9235313066764714,-0.4122537741681836,-0.4271975939489363,-0.6911906579602178,-0.645029273940152,-0.785687889242126,-0.8258351854189512,-0.7611249395087035,-0.9730130311822105,-0.7070586662113659,-0.37863943402398603,-0.7729942313087353,-0.6509175440460863,-0.8890352025551191,-0.8400415676848476,-0.8677834429264748,-1.0,-0.812151622643283,-0.33504493980817057,-0.8077931298524313,-0.6064298478769973,-0.9631004651512942,-0.8048770698317557,-0.9588135117019854,-0.9663043462437583,-0.9043155067969653,-0.31451606027023155,-0.8027566770225409,-0.5513104489239256,-0.9598641417992935,-0.7147200305789092,-0.9871780287708771,-0.8595961396206709,-0.9708683066783431,0.0,0.0,0.0,0.0,0.0,0.0,0.0,0.0,0.0,0.0,0.0,0.0,0.0,0.0,0.0,0.0,0.0,0.0,0.0,0.0,0.0,0.0,0.0,0.0,0.0,0.0,0.0,0.0,0.0,0.0,0.0,0.0,0.0,0.0,0.0,0.0,0.0,0.0,0.0,0.0,0.0,0.0,drink
0.0,0.0,-0.28360001444187866,-0.0236833838618924,-0.527920064633893,-0.1942735356680893,-0.7261262016972666,-0.3089247567310937,-0.9109476574862008,-0.4063421466987876,-0.46789027717813475,-0.654246506870594,-0.6644957006224493,-0.7582924597178602,-0.8375874538989505,-0.746102908762999,-0.9855723902411815,-0.7064266576325653,-0.4125666396493996,-0.7424958982254001,-0.6534394479916168,-0.871439390483537,-0.8361125662288774,-0.8660569801296613,-1.0,-0.8191104970189844,-0.34867105529704545,-0.7880838070002899,-0.5915631323051206,-0.9569154222617235,-0.7803567533186594,-0.9602664569855778,-0.9429493905116425,-0.908571017181728,-0.2890926846479587,-0.7942497108921817,-0.5163816953944027,-0.9492054480473953,-0.6821474381771928,-0.9755640385978666,-0.8299643903916538,-0.9542341620910629,0.0,0.0,0.0,0.0,0.0,0.0,0.0,0.0,0.0,0.0,0.0,0.0,0.0,0.0,0.0,0.0,0.0,0.0,0.0,0.0,0.0,0.0,0.0,0.0,0.0,0.0,0.0,0.0,0.0,0.0,0.0,0.0,0.0,0.0,0.0,0.0,0.0,0.0,0.0,0.0,0.0,0.0,drink
0.0,0.0,-0.2898487873316395,-0.030130942451313408,-0.5360619064331682,-0.2018405112015705,-0.7411573803807755,-0.30330975184738174,-0.9304541631402382,-0.38589031852072925,-0.4078495015154525,-0.6957874532957921,-0.6279649349751393,-0.7679348972441782,-0.8167978483462182,-0.750635632345875,-0.9736734429523799,-0.7133982983870474,-0.35527581411265724,-0.7814978255028387,-0.6361121881244185,-0.8693590637890427,-0.8321029124871013,-0.8541305818585059,-1.0,-0.8041504057106698,-0.30820182344430896,-0.8182284040354887,-0.5935742711780444,-0.9471784050419977,-0.7962972282491206,-0.9348307270583767,-0.9621578853857512,-0.8755399045829421,-0.2845843073861135,-0.8084438232290035,-0.5416171799716952,-0.9504587493206064,-0.7101334893568232,-0.9635416165235527,-0.8513753727365581,-0.9291023777244668,0.0,0.0,0.0,0.0,0.0,0.0,0.0,0.0,0.0,0.0,0.0,0.0,0.0,0.0,0.0,0.0,0.0,0.0,0.0,0.0,0.0,0.0,0.0,0.0,0.0,0.0,0.0,0.0,0.0,0.0,0.0,0.0,0.0,0.0,0.0,0.0,0.0,0.0,0.0,0.0,0.0,0.0,drink
0.0,0.0,-0.28398876180006555,-0.024798452083586775,-0.5419818604655293,-0.2135937287718697,-0.7431475040380621,-0.322904225779841,-0.9302653976925106,-0.41165412699272486,-0.4509147908954242,-0.7112734525053744,-0.655462727732052,-0.8031445826033446,-0.8363525931950995,-0.7769822023355494,-0.9894291125853454,-0.7211241929425596,-0.39097232273595467,-0.795714015516459,-0.6466629046164885,-0.9051106460100217,-0.8335985415913738,-0.8840585565626168,-1.0,-0.8183102918859593,-0.3268166395686577,-0.8337330696642303,-0.5903677899834748,-0.9792063110093691,-0.7858939101849739,-0.9641293991345805,-0.9521424150586196,-0.8956270828541973,-0.27625228764321913,-0.825700456152284,-0.5268354646191168,-0.9668612513863495,-0.6948090811333035,-0.9807726972834209,-0.8386493381485207,-0.9474163950205966,0.0,0.0,0.0,0.0,0.0,0.0,0.0,0.0,0.0,0.0,0.0,0.0,0.0,0.0,0.0,0.0,0.0,0.0,0.0,0.0,0.0,0.0,0.0,0.0,0.0,0.0,0.0,0.0,0.0,0.0,0.0,0.0,0.0,0.0,0.0,0.0,0.0,0.0,0.0,0.0,0.0,0.0,drink
0.0,0.0,-0.27536413756961176,-0.021764077121206565,-0.5207543943295154,-0.20888989243453743,-0.7216174190386848,-0.3231046795814743,-0.9108388232533703,-0.41766357192631126,-0.4225275033615588,-0.7273909487350685,-0.6308882513133609,-0.824423011576665,-0.8136801634227937,-0.8022930625291913,-0.9632579304286578,-0.7559139352574603,-0.363073978154618,-0.8074073157594029,-0.6232217320854214,-0.9322911580509278,-0.8142232269462022,-0.9117479796401994,-0.9753087265315032,-0.8507715346338872,-0.30274664650541494,-0.835880370485094,-0.5648808463837227,-1.0,-0.7680091397281678,-0.9852617243614585,-0.9338651143327675,-0.9195011062323278,-0.25872933740505777,-0.8134662962581641,-0.5005556569411604,-0.9721977104724653,-0.6704094893391195,-0.9881268373686032,-0.8120255650799107,-0.9529973880809708,0.0,0.0,0.0,0.0,0.0,0.0,0.0,0.0,0.0,0.0,0.0,0.0,0.0,0.0,0.0,0.0,0.0,0.0,0.0,0.0,0.0,0.0,0.0,0.0,0.0,0.0,0.0,0.0,0.0,0.0,0.0,0.0,0.0,0.0,0.0,0.0,0.0,0.0,0.0,0.0,0.0,0.0,drink
0.0,0.0,-0.28293407244347313,-0.03181735365592827,-0.5286923013956895,-0.22030628240684916,-0.7294895615949076,-0.3343203000331825,-0.9162804176594278,-0.4114300073670433,-0.4234269778134932,-0.7174017133436783,-0.6337679478163362,-0.8232957000935623,-0.8203625254259814,-0.8006717476087916,-0.969493443155383,-0.7455562293764595,-0.36696105500989756,-0.7980571953657161,-0.6292500226644404,-0.9261909393288333,-0.8237408473068043,-0.9046394769663273,-0.9851112229908083,-0.8367293320107275,-0.3097089181712481,-0.8298239391061497,-0.5771158685409645,-1.0,-0.7825582388101476,-0.9781774445249313,-0.9432874088691456,-0.8973305249964573,-0.27004790778609344,-0.8152289196499378,-0.516030580711373,-0.9781919673702472,-0.6848546967321838,-0.9844143464587582,-0.8225314903695932,-0.9331390205969153,0.0,0.0,0.0,0.0,0.0,0.0,0.0,0.0,0.0,0.0,0.0,0.0,0.0,0.0,0.0,0.0,0.0,0.0,0.0,0.0,0.0,0.0,0.0,0.0,0.0,0.0,0.0,0.0,0.0,0.0,0.0,0.0,0.0,0.0,0.0,0.0,0.0,0.0,0.0,0.0,0.0,0.0,drink
0.0,0.0,-0.2942473468836139,-0.025756268708715772,-0.535559394440939,-0.20757931705673233,-0.7373136148990487,-0.3205652610027652,-0.9287596675410199,-0.3819763599936464,-0.4019084096746932,-0.7054801673352294,-0.6226379080814631,-0.7795203899223262,-0.8141570185053387,-0.751748779518196,-0.9650195829958341,-0.692123976203786,-0.3516176704176974,-0.7890459838404085,-0.6332075920418355,-0.8737469383743349,-0.8332380437539326,-0.8503026303434198,-1.0,-0.7837722211935141,-0.3069756359976095,-0.822524876942613,-0.5985591162509467,-0.9520692684305258,-0.8010987627127122,-0.9298030994050946,-0.9612749877359459,-0.8546698621950332,-0.2846155668801212,-0.8124407091124335,-0.5402816037433666,-0.955164461184598,-0.7021982713607352,-0.9573588273545887,-0.8352577733041161,-0.9074693574162205,0.0,0.0,0.0,0.0,0.0,0.0,0.0,0.0,0.0,0.0,0.0,0.0,0.0,0.0,0.0,0.0,0.0,0.0,0.0,0.0,0.0,0.0,0.0,0.0,0.0,0.0,0.0,0.0,0.0,0.0,0.0,0.0,0.0,0.0,0.0,0.0,0.0,0.0,0.0,0.0,0.0,0.0,drink
0.0,0.0,-0.2948257857739413,-0.02177335858515651,-0.5429256157356076,-0.20212253213657783,-0.7482055895792858,-0.3124830823534907,-0.9404176337203031,-0.3817016956013563,-0.4103577699956295,-0.7279967171147086,-0.6268295802199488,-0.8240268947486068,-0.8163819534724408,-0.8014537221046497,-0.9690975068087619,-0.7502602843165493,-0.3573460674882035,-0.8066240440209117,-0.6354847427016411,-0.9211740540853127,-0.8343964528824778,-0.9011760336028665,-1.0,-0.8368897553294061,-0.31132428612258106,-0.8315575133256006,-0.5955623219963323,-0.9825551123265003,-0.8051925636865289,-0.9637274537955025,-0.9717711900125555,-0.8880516098037275,-0.2910113221731544,-0.8044189949166434,-0.5469311361429879,-0.9530015825019545,-0.7169441142159386,-0.9604966142465211,-0.8569195815433343,-0.9155540035742524,0.0,0.0,0.0,0.0,0.0,0.0,0.0,0.0,0.0,0.0,0.0,0.0,0.0,0.0,0.0,0.0,0.0,0.0,0.0,0.0,0.0,0.0,0.0,0.0,0.0,0.0,0.0,0.0,0.0,0.0,0.0,0.0,0.0,0.0,0.0,0.0,0.0,0.0,0.0,0.0,0.0,0.0,drink
0.0,0.0,-0.2977575385656406,-0.01826242829722625,-0.5449084808064985,-0.20562688081425187,-0.7518959576838545,-0.31049960770251117,-0.9449629310811948,-0.3811404689331667,-0.3488782406393766,-0.7889117918766005,-0.5957760948315852,-0.8623178988537689,-0.7965335087254803,-0.82947856813399,-0.9567664378374783,-0.7679858816957649,-0.30220607314398795,-0.854548602376869,-0.6185324329360725,-0.9444008068861095,-0.8293779056115942,-0.9146906048165585,-1.0,-0.8370901526501997,-0.2812902952958223,-0.8594363515496521,-0.5999567833984812,-0.9823397846923361,-0.818356570883817,-0.9548908549530146,-0.9923514104427344,-0.875299619685096,-0.3003668344962755,-0.8105544544597902,-0.5756239864913979,-0.940981805414278,-0.7472903719491216,-0.9394588717603518,-0.8886245182185949,-0.8894408318028372,0.0,0.0,0.0,0.0,0.0,0.0,0.0,0.0,0.0,0.0,0.0,0.0,0.0,0.0,0.0,0.0,0.0,0.0,0.0,0.0,0.0,0.0,0.0,0.0,0.0,0.0,0.0,0.0,0.0,0.0,0.0,0.0,0.0,0.0,0.0,0.0,0.0,0.0,0.0,0.0,0.0,0.0,drink
0.0,0.0,-0.2923567135326577,-0.012752009825283574,-0.5391384181830063,-0.19420600811936092,-0.7461522616025027,-0.29691709224575497,-0.9343927335138501,-0.37298730771045013,-0.34766374715300896,-0.7650258160364519,-0.5907836901331286,-0.8320994749376075,-0.7959085552756588,-0.8055066421496183,-0.959515928219691,-0.7500555009081377,-0.30546574674362215,-0.8321682830810296,-0.6161368944504718,-0.9088716200163321,-0.8295278246716575,-0.8757766340527607,-1.0,-0.8032671318212563,-0.2896744942060514,-0.8421078141383858,-0.6034443885228017,-0.9553448131858906,-0.8174619488803098,-0.9205040910552443,-0.981107620696624,-0.8400678041503861,-0.3141870707334732,-0.8032320786161168,-0.5761422692752598,-0.9309525427205528,-0.7430018006961306,-0.9191417763666098,-0.8747717755054261,-0.8562069922056386,0.0,0.0,0.0,0.0,0.0,0.0,0.0,0.0,0.0,0.0,0.0,0.0,0.0,0.0,0.0,0.0,0.0,0.0,0.0,0.0,0.0,0.0,0.0,0.0,0.0,0.0,0.0,0.0,0.0,0.0,0.0,0.0,0.0,0.0,0.0,0.0,0.0,0.0,0.0,0.0,0.0,0.0,drink
0.0,0.0,-0.2874461968661596,-0.010512410596604843,-0.5299612392748781,-0.18878249437963127,-0.7412171537511589,-0.29154398937439774,-0.9387435979940911,-0.35366416669952194,-0.3512502591325958,-0.7312999532395495,-0.6046520501044798,-0.7820547550884315,-0.8060320981028315,-0.7523311335148639,-0.9642946018599892,-0.6961605134068528,-0.30789403734307375,-0.7991377932543705,-0.6258494143921289,-0.8695413109290152,-0.8328243947955576,-0.8348080044734023,-1.0,-0.7564166317976998,-0.2876980165175038,-0.8059144550838954,-0.6041051690434796,-0.9233798436598467,-0.8147529433011521,-0.8916336100381926,-0.9783108666962576,-0.8116838383080432,-0.30932949414349736,-0.763350150985806,-0.5726891837524605,-0.8990894218364944,-0.7363049747947182,-0.8957983848779332,-0.8678847700407533,-0.8409237457028502,0.0,0.0,0.0,0.0,0.0,0.0,0.0,0.0,0.0,0.0,0.0,0.0,0.0,0.0,0.0,0.0,0.0,0.0,0.0,0.0,0.0,0.0,0.0,0.0,0.0,0.0,0.0,0.0,0.0,0.0,0.0,0.0,0.0,0.0,0.0,0.0,0.0,0.0,0.0,0.0,0.0,0.0,drink
0.0,0.0,-0.28594405457921945,-0.005565119431391614,-0.5235669733519382,-0.16410743505244554,-0.7321693409725885,-0.25393380995782405,-0.9263210338135884,-0.3228478603628891,-0.3243676806706852,-0.7295599173731495,-0.5962386021346738,-0.777364792760266,-0.8019467634773875,-0.7412907811628745,-0.9589915041583098,-0.6810188462335129,-0.2831915051236748,-0.787969537277465,-0.6184317141713696,-0.8685569492954619,-0.8330078024577774,-0.8226886800669124,-1.0,-0.7347032142667518,-0.2737922076995415,-0.7840283296855827,-0.6066939249369941,-0.9072823568841123,-0.8219014878583314,-0.8630711576846098,-0.9831950937631754,-0.7776199849025307,-0.3141364904406828,-0.7258965670151145,-0.5904136735979175,-0.8664583297044703,-0.7579733378775443,-0.8551870636051724,-0.8873941587442028,-0.793433922968489,0.0,0.0,0.0,0.0,0.0,0.0,0.0,0.0,0.0,0.0,0.0,0.0,0.0,0.0,0.0,0.0,0.0,0.0,0.0,0.0,0.0,0.0,0.0,0.0,0.0,0.0,0.0,0.0,0.0,0.0,0.0,0.0,0.0,0.0,0.0,0.0,0.0,0.0,0.0,0.0,0.0,0.0,drink
0.0,0.0,-0.29798673824778843,-0.0067905842242541115,-0.5398851809655253,-0.17033511375146684,-0.749782429715617,-0.26617706591418805,-0.9485697155829005,-0.3375042489191945,-0.3420298816451815,-0.7491886485960204,-0.5974196036164067,-0.8106250309594615,-0.8011102276395823,-0.7848313157728422,-0.9611460893716383,-0.7330508691708671,-0.29542799213586973,-0.8081256416081497,-0.6231580187994391,-0.900258863800575,-0.8336768054276846,-0.8688821969004669,-1.0,-0.7889632295543716,-0.2793290721726966,-0.8067787982775436,-0.6094335827740702,-0.9387344284584495,-0.8253869292142872,-0.9028317018052996,-0.989131947943694,-0.8170522151601437,-0.3130133932765444,-0.7523469406927745,-0.5931779438818126,-0.9005488151707339,-0.7639125414429757,-0.8904773820850194,-0.8967717608716818,-0.8240733939939499,0.0,0.0,0.0,0.0,0.0,0.0,0.0,0.0,0.0,0.0,0.0,0.0,0.0,0.0,0.0,0.0,0.0,0.0,0.0,0.0,0.0,0.0,0.0,0.0,0.0,0.0,0.0,0.0,0.0,0.0,0.0,0.0,0.0,0.0,0.0,0.0,0.0,0.0,0.0,0.0,0.0,0.0,drink
0.0,0.0,-0.2945027832861688,-0.006369716004391172,-0.5398472897046022,-0.17347007740838097,-0.7539192963207832,-0.274200539451581,-0.9612964491327776,-0.34431773190693427,-0.3363946034374208,-0.767411768794404,-0.5906097218547395,-0.8414028981824051,-0.792805137561006,-0.8173674327908187,-0.9585177468739333,-0.7664719606491585,-0.2921826852288725,-0.8313707447190692,-0.6192064974685091,-0.9110958124596643,-0.8272482106227743,-0.884187194943457,-1.0,-0.8070990480604837,-0.2797242575611595,-0.8383796496570916,-0.617149494522654,-0.9439588224169827,-0.8289830606404384,-0.9076389047312133,-0.9967688764879319,-0.8205949318159383,-0.31576274449563024,-0.7967756564105768,-0.6025159482755864,-0.9150571634893063,-0.7692065294492763,-0.8960064336775387,-0.9000426197024126,-0.8255250868864143,0.0,0.0,0.0,0.0,0.0,0.0,0.0,0.0,0.0,0.0,0.0,0.0,0.0,0.0,0.0,0.0,0.0,0.0,0.0,0.0,0.0,0.0,0.0,0.0,0.0,0.0,0.0,0.0,0.0,0.0,0.0,0.0,0.0,0.0,0.0,0.0,0.0,0.0,0.0,0.0,0.0,0.0,drink
0.0,0.0,-0.2862893407793146,-0.03836705057280471,-0.5387713345429126,-0.21138008104006362,-0.75543437945356,-0.30428248649695905,-0.9566597984209144,-0.3729239265420608,-0.3430601482040017,-0.7885186843338543,-0.5993855669095425,-0.8828767738968262,-0.7980602660201614,-0.8520224671052918,-0.9551360427559207,-0.7836947671298151,-0.2998011088682405,-0.8487956133989264,-0.6309491706178716,-0.9678230977271953,-0.8341813915048439,-0.9265442425860909,-0.9934618576728429,-0.8254239418145259,-0.28037366049571805,-0.855347500944711,-0.6139912798587602,-1.0,-0.8220742538528066,-0.9489009497727894,-0.9799771436650251,-0.8406069539460995,-0.29618109827351324,-0.8183602085084213,-0.5790539886006321,-0.9393840222087825,-0.7469461615058826,-0.9216902168079152,-0.8820612242582601,-0.8565492257732885,0.0,0.0,0.0,0.0,0.0,0.0,0.0,0.0,0.0,0.0,0.0,0.0,0.0,0.0,0.0,0.0,0.0,0.0,0.0,0.0,0.0,0.0,0.0,0.0,0.0,0.0,0.0,0.0,0.0,0.0,0.0,0.0,0.0,0.0,0.0,0.0,0.0,0.0,0.0,0.0,0.0,0.0,drink
0.0,0.0,-0.2811858922839177,-0.11129537175114627,-0.4748904648301787,-0.3064545777186446,-0.6626436132202942,-0.410610468586125,-0.8427476020033835,-0.45572797718421804,-0.2786697265957599,-0.8210705401719142,-0.5843934067228255,-0.9329094100777131,-0.7690864933944682,-0.875102452983033,-0.9043475077864267,-0.7879652956932347,-0.2536688114817367,-0.8257551282194109,-0.6078288800436709,-1.0,-0.8032039335579474,-0.9115144420907889,-0.9555958824643463,-0.7928909963920635,-0.25550620129007207,-0.751906222297907,-0.571404954666047,-0.9574404340346024,-0.7627079497148823,-0.8894593983801686,-0.9166993587835827,-0.7973611294576,-0.3070092163918407,-0.6083785452710886,-0.554140532866917,-0.7689134174813834,-0.6984747038611446,-0.7892926089025475,-0.824210773836333,-0.769407181178253,0.0,0.0,0.0,0.0,0.0,0.0,0.0,0.0,0.0,0.0,0.0,0.0,0.0,0.0,0.0,0.0,0.0,0.0,0.0,0.0,0.0,0.0,0.0,0.0,0.0,0.0,0.0,0.0,0.0,0.0,0.0,0.0,0.0,0.0,0.0,0.0,0.0,0.0,0.0,0.0,0.0,0.0,drink
0.0,0.0,-0.29487679586629,-0.1465388758774759,-0.4865383515369533,-0.35561687868031433,-0.665998066295709,-0.45071397701164034,-0.8256641249392241,-0.4907870986808864,-0.2592291876535285,-0.8505486508559462,-0.574856759702683,-0.9458852774714711,-0.7626316412493922,-0.8883961058977187,-0.9006283347262783,-0.7974488450208306,-0.24661998976741525,-0.8262319618915663,-0.6056184675909889,-1.0,-0.7985763757583076,-0.9176527181494911,-0.9561115065733234,-0.8010421665114831,-0.26676697989392434,-0.7367035982471137,-0.5805972953562497,-0.9469828175199647,-0.7685062412411299,-0.8923481239731664,-0.9251779977183243,-0.8070828076687184,-0.3377464003228666,-0.5841804875413514,-0.5837483038378548,-0.7585717758619046,-0.7235041200453793,-0.7883169781461226,-0.850868816356882,-0.7753772868396884,0.0,0.0,0.0,0.0,0.0,0.0,0.0,0.0,0.0,0.0,0.0,0.0,0.0,0.0,0.0,0.0,0.0,0.0,0.0,0.0,0.0,0.0,0.0,0.0,0.0,0.0,0.0,0.0,0.0,0.0,0.0,0.0,0.0,0.0,0.0,0.0,0.0,0.0,0.0,0.0,0.0,0.0,drink
0.0,0.0,-0.3017954344273122,-0.16264897058736552,-0.4928902216150038,-0.37244095885306694,-0.6702577326701247,-0.46949969540505215,-0.8338368514542683,-0.5036849088482368,-0.2679631173962159,-0.8671311493185551,-0.5892260133942917,-0.9685993166821428,-0.7792995696240963,-0.9008932813649008,-0.916018934173976,-0.8034004230813968,-0.25396121293848367,-0.8427335868667333,-0.6198588020053979,-1.0,-0.816063292661529,-0.9081747763839355,-0.9760629772233953,-0.7875453195881167,-0.27306966648331826,-0.749953374300861,-0.6030808448221816,-0.9387442802194661,-0.794044922333217,-0.8755967202320047,-0.95199721625847,-0.7872645796491146,-0.3418548945155166,-0.5906866891022039,-0.6112112627185641,-0.7496339931904793,-0.756929682925531,-0.772772957488797,-0.8839512963521551,-0.7577297128921536,0.0,0.0,0.0,0.0,0.0,0.0,0.0,0.0,0.0,0.0,0.0,0.0,0.0,0.0,0.0,0.0,0.0,0.0,0.0,0.0,0.0,0.0,0.0,0.0,0.0,0.0,0.0,0.0,0.0,0.0,0.0,0.0,0.0,0.0,0.0,0.0,0.0,0.0,0.0,0.0,0.0,0.0,drink
0.0,0.0,-0.3060598165777919,-0.1505309778932499,-0.49694475583143516,-0.35991529211552203,-0.6772141208489592,-0.4568282187522159,-0.8460590357865316,-0.4942177626824801,-0.2751086136413794,-0.8576908337496225,-0.6013881353190926,-0.9406311820940663,-0.7981592846039914,-0.8689549427672039,-0.935026614624539,-0.774846490861157,-0.26026561243912016,-0.8402572786875058,-0.6380911008121026,-1.0,-0.8393083782885852,-0.9035392152410454,-0.9939552415393698,-0.7864595657685177,-0.27802104471464073,-0.7479398663253494,-0.6188900096164801,-0.9496931410674692,-0.8130789706621667,-0.8738237339828242,-0.9656523550815568,-0.776468624540588,-0.34528342324383715,-0.5874135652124031,-0.6156130765008123,-0.7573057761822016,-0.7676711785247348,-0.7708656505226122,-0.8984220447648344,-0.7430854161736926,0.0,0.0,0.0,0.0,0.0,0.0,0.0,0.0,0.0,0.0,0.0,0.0,0.0,0.0,0.0,0.0,0.0,0.0,0.0,0.0,0.0,0.0,0.0,0.0,0.0,0.0,0.0,0.0,0.0,0.0,0.0,0.0,0.0,0.0,0.0,0.0,0.0,0.0,0.0,0.0,0.0,0.0,drink
0.0,0.0,-0.29917109819649956,-0.1651955856039582,-0.4924018991078105,-0.3748070460827423,-0.6708940618891615,-0.46247878649825463,-0.834002187241726,-0.4917739913822199,-0.2668657525729508,-0.8597322914716257,-0.5934870922127914,-0.9532871635307059,-0.784730810650937,-0.89010958868168,-0.9219802289567429,-0.79781490496709,-0.25921557449680915,-0.8308902773487704,-0.6264885229439748,-1.0,-0.822753913043824,-0.9175447237663173,-0.9865124068921569,-0.807360931060542,-0.28095521481440844,-0.7345073359260615,-0.6076262464236689,-0.9385036038603902,-0.799853070784819,-0.8856806428312178,-0.9609834557544692,-0.8070528408501382,-0.34888493208300386,-0.5751495628895602,-0.6130913692204761,-0.746656823681364,-0.7586411353303144,-0.7749593817841961,-0.8878394607506985,-0.7651000975155208,0.0,0.0,0.0,0.0,0.0,0.0,0.0,0.0,0.0,0.0,0.0,0.0,0.0,0.0,0.0,0.0,0.0,0.0,0.0,0.0,0.0,0.0,0.0,0.0,0.0,0.0,0.0,0.0,0.0,0.0,0.0,0.0,0.0,0.0,0.0,0.0,0.0,0.0,0.0,0.0,0.0,0.0,drink
0.0,0.0,-0.3087423846527809,-0.14108670320728406,-0.49869753644441234,-0.3464573031234758,-0.6785247907489734,-0.4415229615876114,-0.8481089012129029,-0.4762858157504415,-0.27477087546882495,-0.8509950533948141,-0.5978034084957934,-0.9440513906859375,-0.7956919834476676,-0.8725942573361195,-0.9362445987010118,-0.7776528332427208,-0.25756301698575457,-0.8367192858481073,-0.6342887662168797,-1.0,-0.8361792058827172,-0.9046958594801411,-0.9902739667475322,-0.7854208768869343,-0.27087526909124754,-0.7490809253103762,-0.6126164597358801,-0.9337782867880542,-0.8121254743176397,-0.8616772119410402,-0.9672388771290116,-0.7638827914624223,-0.3329592986630225,-0.5963129955143802,-0.6122403611505142,-0.7551732030856462,-0.7676869197985247,-0.7601993022901867,-0.8988115045021977,-0.7253445706184515,0.0,0.0,0.0,0.0,0.0,0.0,0.0,0.0,0.0,0.0,0.0,0.0,0.0,0.0,0.0,0.0,0.0,0.0,0.0,0.0,0.0,0.0,0.0,0.0,0.0,0.0,0.0,0.0,0.0,0.0,0.0,0.0,0.0,0.0,0.0,0.0,0.0,0.0,0.0,0.0,0.0,0.0,drink
0.0,0.0,-0.29217940798217595,-0.14467798511133442,-0.4864770514531604,-0.34782729912628363,-0.6708010573652933,-0.4381255304649691,-0.8403634504010524,-0.46902682006986707,-0.2697436522435955,-0.851412853990152,-0.5977917522480164,-0.9408033952944297,-0.7945493990088296,-0.8738589651218411,-0.9326230330229504,-0.7783910029158397,-0.260327015348684,-0.8311784158558593,-0.6339774786131261,-1.0,-0.834367876933322,-0.9107735518480593,-0.9930796102707975,-0.788723693816516,-0.2782657424876602,-0.742219614787342,-0.6104480340485325,-0.9358001472855527,-0.8062782756995964,-0.8725040017620099,-0.9634582074256931,-0.7808587727505,-0.3434234690646571,-0.5908978484281111,-0.611605647512774,-0.7520134269620184,-0.7629556920608785,-0.7676337408977091,-0.8938665803186195,-0.7419189101028411,0.0,0.0,0.0,0.0,0.0,0.0,0.0,0.0,0.0,0.0,0.0,0.0,0.0,0.0,0.0,0.0,0.0,0.0,0.0,0.0,0.0,0.0,0.0,0.0,0.0,0.0,0.0,0.0,0.0,0.0,0.0,0.0,0.0,0.0,0.0,0.0,0.0,0.0,0.0,0.0,0.0,0.0,drink
0.0,0.0,-0.29494332087619196,-0.14595842474210588,-0.49960975292645177,-0.3423267393281972,-0.6872130580482991,-0.43861684398664375,-0.8547506411488552,-0.46956333659843397,-0.2751946119017934,-0.8456820615960363,-0.6004213063264969,-0.9449974337994496,-0.7990735193383978,-0.8811229163916211,-0.9391134308797192,-0.7890996468314144,-0.2637897665780769,-0.825471877933123,-0.6418167897332716,-1.0,-0.8413337661832151,-0.9151115304065672,-0.9948667963343661,-0.7982894136502607,-0.2793390558869925,-0.7355424996117593,-0.6121556044495791,-0.933682475719409,-0.813441232803547,-0.8783982093176956,-0.9720884057092846,-0.7910819815803382,-0.3411020256331132,-0.5834247922661657,-0.6098674925592222,-0.7537763677608165,-0.7658912821813387,-0.7718168178230352,-0.8991477164426642,-0.7453987963937558,0.0,0.0,0.0,0.0,0.0,0.0,0.0,0.0,0.0,0.0,0.0,0.0,0.0,0.0,0.0,0.0,0.0,0.0,0.0,0.0,0.0,0.0,0.0,0.0,0.0,0.0,0.0,0.0,0.0,0.0,0.0,0.0,0.0,0.0,0.0,0.0,0.0,0.0,0.0,0.0,0.0,0.0,drink
0.0,0.0,-0.29264971652514904,-0.15035916939031127,-0.5026912725874664,-0.3468264644735233,-0.692172409300437,-0.4408851225460222,-0.8563352412833382,-0.4710494364473603,-0.2715907283381332,-0.8538200164497742,-0.6001052289979626,-0.9538539071411044,-0.7970706932644649,-0.8926440414329687,-0.9426539928270032,-0.7968328989090234,-0.26502200896664563,-0.8242152186788865,-0.6475547946136181,-1.0,-0.8419890478714008,-0.9145798713272761,-0.9995687729251743,-0.7890196558016627,-0.28290294553270334,-0.7297421190154754,-0.6134462916469837,-0.9242842789555592,-0.8126632088569805,-0.8768253214619997,-0.9786370746578359,-0.7920782107633318,-0.34654310951888806,-0.5753160666655477,-0.6123166685450423,-0.7436345048801796,-0.7653235481955205,-0.7680861590896193,-0.9028060533250845,-0.7475946801206317,0.0,0.0,0.0,0.0,0.0,0.0,0.0,0.0,0.0,0.0,0.0,0.0,0.0,0.0,0.0,0.0,0.0,0.0,0.0,0.0,0.0,0.0,0.0,0.0,0.0,0.0,0.0,0.0,0.0,0.0,0.0,0.0,0.0,0.0,0.0,0.0,0.0,0.0,0.0,0.0,0.0,0.0,drink
0.0,0.0,-0.3025904263493849,-0.13418294232330522,-0.4918418547690832,-0.3360718920958765,-0.6720234919822627,-0.4309124425594642,-0.8430130342040236,-0.4607537614448583,-0.27159204928842534,-0.838383594556516,-0.5956043456465887,-0.9351793963181733,-0.7977379029889596,-0.8641699797313662,-0.9407633284975061,-0.7690944772599446,-0.2574382023918436,-0.8241460661228976,-0.638346903421046,-1.0,-0.843606046634755,-0.903371963627498,-0.9988984613057378,-0.7855330715066781,-0.27247432626304807,-0.7329030171217252,-0.6121405013006846,-0.9382623367908292,-0.8150603834706435,-0.8687793036247784,-0.9718636924317291,-0.7739894448615111,-0.33576653494870884,-0.5775023796937094,-0.6073734698951647,-0.756147173294003,-0.7632078029814766,-0.7653284057782102,-0.8955825401691494,-0.7333290687934652,0.0,0.0,0.0,0.0,0.0,0.0,0.0,0.0,0.0,0.0,0.0,0.0,0.0,0.0,0.0,0.0,0.0,0.0,0.0,0.0,0.0,0.0,0.0,0.0,0.0,0.0,0.0,0.0,0.0,0.0,0.0,0.0,0.0,0.0,0.0,0.0,0.0,0.0,0.0,0.0,0.0,0.0,drink
0.0,0.0,-0.28474218408904717,-0.1363756150446168,-0.4941610129165502,-0.3302924252012539,-0.6818313735301476,-0.4242931218021359,-0.8415597972989546,-0.4537662070081973,-0.2730596967333343,-0.8312418627696262,-0.5993389159516697,-0.9235534494007761,-0.7961039407006235,-0.8629817461135068,-0.942100693166934,-0.7640922848999495,-0.2685327721281157,-0.8051057901269089,-0.6455910560371259,-0.9779016615402728,-0.8401183240371455,-0.8904317453776607,-1.0,-0.763529117426305,-0.28449062286911264,-0.7142431333303899,-0.6065609991807581,-0.9224585105495788,-0.806049635265665,-0.8752909780374497,-0.9736596565070862,-0.7895984733648276,-0.3460548352440801,-0.5625988118539885,-0.6086588470764839,-0.7379797593293009,-0.762765407388875,-0.7652924006730538,-0.9005826919209015,-0.7464429694820135,0.0,0.0,0.0,0.0,0.0,0.0,0.0,0.0,0.0,0.0,0.0,0.0,0.0,0.0,0.0,0.0,0.0,0.0,0.0,0.0,0.0,0.0,0.0,0.0,0.0,0.0,0.0,0.0,0.0,0.0,0.0,0.0,0.0,0.0,0.0,0.0,0.0,0.0,0.0,0.0,0.0,0.0,drink
0.0,0.0,-0.298146814276881,-0.10373334122692768,-0.5156975635105445,-0.2797473392009051,-0.7157845574982569,-0.38619245898619936,-0.9019627915696412,-0.450211153648814,-0.3182175112812619,-0.7996034291089448,-0.6024835221217981,-0.9158859408506663,-0.7789976533001802,-0.884545082290721,-0.9237075883753667,-0.8300591361776585,-0.2820410039336412,-0.837115269500467,-0.6383412022601992,-1.0,-0.8292183861546355,-0.956575775216745,-0.9751037267632316,-0.8622395113865099,-0.2756143025351594,-0.7975251937219613,-0.610787418926208,-0.9654379793714067,-0.803219270895002,-0.9396908835563273,-0.9484938857533778,-0.8655897666127271,-0.3156804607227901,-0.7079875774558946,-0.5689935091631474,-0.8474842457012801,-0.7196154175053611,-0.8604190511899593,-0.846102250003289,-0.8308402731183644,0.0,0.0,0.0,0.0,0.0,0.0,0.0,0.0,0.0,0.0,0.0,0.0,0.0,0.0,0.0,0.0,0.0,0.0,0.0,0.0,0.0,0.0,0.0,0.0,0.0,0.0,0.0,0.0,0.0,0.0,0.0,0.0,0.0,0.0,0.0,0.0,0.0,0.0,0.0,0.0,0.0,0.0,drink
0.0,0.0,-0.26272383140876243,-0.10147303212311219,-0.4770040385400246,-0.2838249725749694,-0.6673186658654954,-0.3914471616664697,-0.8504988045284613,-0.45050127676192725,-0.2787078683229793,-0.7736456560343866,-0.5285907515003105,-0.9484912252472862,-0.723836856056511,-0.9110427545541474,-0.8591400985373596,-0.8215642449673288,-0.24300378880254228,-0.7909957066942216,-0.5655967343052982,-1.0,-0.7694730287709313,-0.9434805527411203,-0.8960832279491441,-0.8360150781100069,-0.23536500641523633,-0.7537697370130224,-0.5423531304761019,-0.9715873331137654,-0.7472160137037158,-0.9238070216458706,-0.8746847902330855,-0.8272625335951387,-0.26571732901572426,-0.6767072867195808,-0.4934163165732665,-0.8729984336934413,-0.6480664620160184,-0.8849820616415798,-0.7583766812235125,-0.8446745996029341,0.0,0.0,0.0,0.0,0.0,0.0,0.0,0.0,0.0,0.0,0.0,0.0,0.0,0.0,0.0,0.0,0.0,0.0,0.0,0.0,0.0,0.0,0.0,0.0,0.0,0.0,0.0,0.0,0.0,0.0,0.0,0.0,0.0,0.0,0.0,0.0,0.0,0.0,0.0,0.0,0.0,0.0,drink
0.0,0.0,-0.24227054781774254,-0.09472846991962276,-0.45037975697495475,-0.2770401368371143,-0.6342752617074541,-0.3744253278119493,-0.8033563202208553,-0.4417685743922351,-0.23949326899270343,-0.7649471406771625,-0.4787565477433042,-0.9561614729732135,-0.6744396086484422,-0.9287378167877908,-0.815384385098736,-0.8397087356645484,-0.20242580033367802,-0.7738065185343411,-0.5238971391398486,-1.0,-0.7259879668781687,-0.9504175829866286,-0.8530004320661012,-0.8401387789844343,-0.19430999690919007,-0.7280940868436682,-0.4955502855358186,-0.9655633607946132,-0.6990184251109698,-0.9320426369948913,-0.8294890373340712,-0.8350688797513112,-0.22773888643458082,-0.6397968480211534,-0.4531026229810619,-0.8543783507373442,-0.6066288972928713,-0.8917888831172194,-0.7197163332313852,-0.8656962170751876,0.0,0.0,0.0,0.0,0.0,0.0,0.0,0.0,0.0,0.0,0.0,0.0,0.0,0.0,0.0,0.0,0.0,0.0,0.0,0.0,0.0,0.0,0.0,0.0,0.0,0.0,0.0,0.0,0.0,0.0,0.0,0.0,0.0,0.0,0.0,0.0,0.0,0.0,0.0,0.0,0.0,0.0,drink
0.0,0.0,-0.26554359038646047,-0.10293268179013787,-0.47257365297623,-0.2685952410799951,-0.664656403550386,-0.3597846597300913,-0.8374226845513307,-0.4363245982955984,-0.25326775295435344,-0.8000224500547732,-0.5116297838485785,-0.9548540869341501,-0.708410659023816,-0.9343888955802069,-0.8594876471441318,-0.8634524579122924,-0.22354396236911986,-0.8091286511040265,-0.5540118411748752,-1.0,-0.7589495013056263,-0.9589663798139595,-0.8988217408296852,-0.8596330808931189,-0.2224906942884275,-0.7574009391333132,-0.5252956401829761,-0.9770464576845145,-0.7336677899887504,-0.9473845276516669,-0.8758722952395233,-0.8506903391842764,-0.2642748345537478,-0.6583515432773966,-0.49155705878063427,-0.8634159970569125,-0.6488487792168208,-0.8933077533804129,-0.7672105479206252,-0.8515273001678838,0.0,0.0,0.0,0.0,0.0,0.0,0.0,0.0,0.0,0.0,0.0,0.0,0.0,0.0,0.0,0.0,0.0,0.0,0.0,0.0,0.0,0.0,0.0,0.0,0.0,0.0,0.0,0.0,0.0,0.0,0.0,0.0,0.0,0.0,0.0,0.0,0.0,0.0,0.0,0.0,0.0,0.0,drink
0.0,0.0,-0.2812778117502149,-0.09257147196968407,-0.5108621593462975,-0.2638698112194592,-0.7148181223383104,-0.36761857871835596,-0.8950282247662995,-0.4490712430376509,-0.2711471873659198,-0.8498747093610723,-0.5833832007971811,-0.9492517261562595,-0.7870115880201111,-0.9193203359299332,-0.9450266316263166,-0.8526681602899602,-0.2404838257008834,-0.871251592594387,-0.6220943199976605,-1.0,-0.8293397896967927,-0.9519395497218989,-0.9850786072726622,-0.8580512275252687,-0.24462686260979025,-0.8249156617881666,-0.597621725715418,-0.9998280281771903,-0.8047875384154062,-0.9588158037740395,-0.9528247244849902,-0.8647603109983837,-0.2985343548634199,-0.7288960238281365,-0.570940122815816,-0.8963878497105942,-0.7334552412777768,-0.9108134048980543,-0.8574170268690696,-0.8709268539239038,0.0,0.0,0.0,0.0,0.0,0.0,0.0,0.0,0.0,0.0,0.0,0.0,0.0,0.0,0.0,0.0,0.0,0.0,0.0,0.0,0.0,0.0,0.0,0.0,0.0,0.0,0.0,0.0,0.0,0.0,0.0,0.0,0.0,0.0,0.0,0.0,0.0,0.0,0.0,0.0,0.0,0.0,drink
0.0,0.0,-0.28711349519574114,-0.07683345477441268,-0.512520578939153,-0.24578064513862835,-0.7157789173749144,-0.3470153046495285,-0.9038474246331686,-0.4239747742107007,-0.28971282459510067,-0.8093776076992839,-0.5943368867015103,-0.8970276975671463,-0.801267436527735,-0.8694770013134956,-0.9612074236320755,-0.8031717087583131,-0.2584572057955386,-0.8387359794828608,-0.6344203462508735,-0.9569400448428229,-0.8446259633051088,-0.9154144404603184,-1.0,-0.8264488791599424,-0.25863107985671197,-0.80301715403727,-0.6085765576053327,-0.9685751174363412,-0.816292614238222,-0.9350617702969976,-0.9626805233170166,-0.8451816138718131,-0.30417949774545494,-0.7209477190116138,-0.5668856411419398,-0.8854400451721298,-0.7317481082963174,-0.908016889494033,-0.8584895656902569,-0.8740324139010556,0.0,0.0,0.0,0.0,0.0,0.0,0.0,0.0,0.0,0.0,0.0,0.0,0.0,0.0,0.0,0.0,0.0,0.0,0.0,0.0,0.0,0.0,0.0,0.0,0.0,0.0,0.0,0.0,0.0,0.0,0.0,0.0,0.0,0.0,0.0,0.0,0.0,0.0,0.0,0.0,0.0,0.0,drink
0.0,0.0,-0.29245508218584704,-0.05858365767320529,-0.5188370131089642,-0.23923911276295837,-0.716743000140567,-0.3546893549028425,-0.9058920972668771,-0.433942556471598,-0.29878220343510953,-0.8200239904111735,-0.5872764141604422,-0.8834479233572634,-0.7955520282583287,-0.8656296198797085,-0.9573043143069484,-0.8184596376581121,-0.2572963572502889,-0.8663147981303898,-0.6164833983006753,-0.9630606829906334,-0.8325819227138195,-0.9343396067196083,-1.0,-0.8532523838493304,-0.24811570248312909,-0.8476283270299839,-0.5994394746599849,-0.9832133621683002,-0.8164811510627715,-0.9533090463479059,-0.9727302266568736,-0.8702176541633866,-0.2855739480002908,-0.7769637018337232,-0.5627319900506982,-0.9357980182572028,-0.7348802738144731,-0.9449722523446373,-0.8636917211526313,-0.8968565957235063,0.0,0.0,0.0,0.0,0.0,0.0,0.0,0.0,0.0,0.0,0.0,0.0,0.0,0.0,0.0,0.0,0.0,0.0,0.0,0.0,0.0,0.0,0.0,0.0,0.0,0.0,0.0,0.0,0.0,0.0,0.0,0.0,0.0,0.0,0.0,0.0,0.0,0.0,0.0,0.0,0.0,0.0,drink
0.0,0.0,-0.28460624534575046,-0.05703132821367788,-0.5137169219713492,-0.2213089086850525,-0.7095931140192282,-0.33284952756938574,-0.891277187788712,-0.4180145800009783,-0.3042321499672917,-0.7723281693353697,-0.5895558754514822,-0.8217357853676108,-0.7948665084659914,-0.7982735677025595,-0.9586110645082987,-0.7515598735918395,-0.2613533974821681,-0.8274687693855637,-0.6178838838738168,-0.9069972941924566,-0.8300319494659927,-0.8860909423789621,-1.0,-0.8177289593635158,-0.24976857322708806,-0.8197467722536557,-0.597128388030813,-0.9489046256554806,-0.8070945277225274,-0.9257875481653399,-0.9613452146886172,-0.8480532951286779,-0.28187986653360864,-0.7610711139616286,-0.5534919271484519,-0.917660068470325,-0.7193752094269439,-0.9247032137350247,-0.8467120484092238,-0.8726446468758872,0.0,0.0,0.0,0.0,0.0,0.0,0.0,0.0,0.0,0.0,0.0,0.0,0.0,0.0,0.0,0.0,0.0,0.0,0.0,0.0,0.0,0.0,0.0,0.0,0.0,0.0,0.0,0.0,0.0,0.0,0.0,0.0,0.0,0.0,0.0,0.0,0.0,0.0,0.0,0.0,0.0,0.0,drink
0.0,0.0,-0.29243251317052726,-0.05254598447295939,-0.5213877190916256,-0.2242475220546371,-0.7201069856351296,-0.33500190597780144,-0.907457750825401,-0.4121125876534916,-0.3144591587634211,-0.7938326693190073,-0.5912343140117592,-0.8315275906837757,-0.798876018989625,-0.8111943732654847,-0.963507435868667,-0.7678723457139426,-0.27338156235358174,-0.8458741097596981,-0.6183005925604843,-0.9128920524326247,-0.8313417549444502,-0.8918326818629196,-1.0,-0.8223347612486954,-0.2593068280464227,-0.8375347309574699,-0.5974774656743967,-0.9535203909426448,-0.8095683105463872,-0.9276051325043666,-0.9649413908922368,-0.8478639459385251,-0.28405921934587214,-0.7772064103109102,-0.5497734313895611,-0.9239107180065772,-0.7182976424181226,-0.9284776313004994,-0.847122925927965,-0.872557798980087,0.0,0.0,0.0,0.0,0.0,0.0,0.0,0.0,0.0,0.0,0.0,0.0,0.0,0.0,0.0,0.0,0.0,0.0,0.0,0.0,0.0,0.0,0.0,0.0,0.0,0.0,0.0,0.0,0.0,0.0,0.0,0.0,0.0,0.0,0.0,0.0,0.0,0.0,0.0,0.0,0.0,0.0,drink
0.0,0.0,-0.303753117397757,-0.043192215303171716,-0.5243661233272457,-0.2093982558799952,-0.7179018725018511,-0.32118968104830803,-0.8969484159052543,-0.40444129787601996,-0.2920499228735279,-0.7928415877435905,-0.5785813736440276,-0.8312045314294431,-0.7910160062350273,-0.804341244418357,-0.9548600341146126,-0.7486307559136091,-0.24955919450939265,-0.8439077968905536,-0.6030840388771201,-0.908643960373638,-0.8261214170499809,-0.8813267700490577,-1.0,-0.8064712054216178,-0.24184654729797708,-0.8320900833485175,-0.5916581009223185,-0.9475247896582373,-0.8078011560393482,-0.913686042635384,-0.9622110423224272,-0.8300305955869841,-0.28162359221585953,-0.7662523118236945,-0.5615773858785533,-0.9175509435764335,-0.7328466043256662,-0.909582367224008,-0.8608763162152901,-0.8444836374578262,0.0,0.0,0.0,0.0,0.0,0.0,0.0,0.0,0.0,0.0,0.0,0.0,0.0,0.0,0.0,0.0,0.0,0.0,0.0,0.0,0.0,0.0,0.0,0.0,0.0,0.0,0.0,0.0,0.0,0.0,0.0,0.0,0.0,0.0,0.0,0.0,0.0,0.0,0.0,0.0,0.0,0.0,drink
0.0,0.0,-0.3075632023458762,-0.03558302612410472,-0.5313224596099887,-0.192807790857266,-0.7288953115265527,-0.3080161700572885,-0.9118963748530314,-0.3925159616078246,-0.2896857331565807,-0.7861781610541453,-0.588397562312337,-0.8160295295600076,-0.7989015415891813,-0.7896374853031417,-0.9606712072737152,-0.7429171682725864,-0.24884837526524609,-0.8384010755055485,-0.6139143530337594,-0.9005082419512743,-0.8313257385903196,-0.8744890646005967,-1.0,-0.8016502639579166,-0.2439364627297043,-0.8248246916587425,-0.6023004389149386,-0.9368964919594718,-0.8173083318890205,-0.9055377293529635,-0.9716740599866031,-0.8236110005105841,-0.28850342653444566,-0.7566012900445472,-0.5755010984584108,-0.9030836467882387,-0.7467048589804245,-0.9012975393594747,-0.8734140274778551,-0.8424707585218356,0.0,0.0,0.0,0.0,0.0,0.0,0.0,0.0,0.0,0.0,0.0,0.0,0.0,0.0,0.0,0.0,0.0,0.0,0.0,0.0,0.0,0.0,0.0,0.0,0.0,0.0,0.0,0.0,0.0,0.0,0.0,0.0,0.0,0.0,0.0,0.0,0.0,0.0,0.0,0.0,0.0,0.0,drink
0.0,0.0,-0.29059070613660065,-0.033567584878916014,-0.5142477915162031,-0.20374385529253752,-0.7148796735944613,-0.32067248452568603,-0.9102172363100673,-0.39032394871781556,-0.25752486970706717,-0.8023741245067773,-0.5658889408364001,-0.8359530376667705,-0.7845502542609087,-0.8091102036423727,-0.9534155121456873,-0.760901287482745,-0.22178131083788452,-0.8515332002417644,-0.5946464903687191,-0.9172060777172003,-0.8218979449318097,-0.8872437182911382,-1.0,-0.8105758000067498,-0.2244038079072818,-0.8365062353927125,-0.5888107735729139,-0.9523303572208234,-0.8063191983919505,-0.9146911993180374,-0.9646125739671852,-0.8312079039305124,-0.2760215926477568,-0.7714498052125669,-0.5606208181237393,-0.9278999750541811,-0.7308051127364572,-0.9230679911629968,-0.8583190766129289,-0.8646876946310792,0.0,0.0,0.0,0.0,0.0,0.0,0.0,0.0,0.0,0.0,0.0,0.0,0.0,0.0,0.0,0.0,0.0,0.0,0.0,0.0,0.0,0.0,0.0,0.0,0.0,0.0,0.0,0.0,0.0,0.0,0.0,0.0,0.0,0.0,0.0,0.0,0.0,0.0,0.0,0.0,0.0,0.0,drink
0.0,0.0,-0.29436304042986566,-0.03758478964531765,-0.5190023902243406,-0.21092217980681371,-0.7175795439103824,-0.3228953800774481,-0.9077476327198211,-0.40129208237890757,-0.26084203531669703,-0.828024082002315,-0.5661302910600298,-0.8581201818742783,-0.7808276451179685,-0.8236420435694808,-0.9516856429309809,-0.7693458412017381,-0.2227502212006899,-0.8722941007536831,-0.5952301281624109,-0.930470534360631,-0.8202916031008649,-0.8922729518096718,-1.0,-0.8108929156254839,-0.22338767759788974,-0.8524798310740548,-0.589298321293676,-0.9585816974600635,-0.8086371547437262,-0.9162804893521304,-0.9718634619621372,-0.830432092514654,-0.2753546029071142,-0.7792259410604211,-0.5648093713679155,-0.9270138511591486,-0.7345247855046969,-0.9217311209865207,-0.8627671156924074,-0.864864223921737,0.0,0.0,0.0,0.0,0.0,0.0,0.0,0.0,0.0,0.0,0.0,0.0,0.0,0.0,0.0,0.0,0.0,0.0,0.0,0.0,0.0,0.0,0.0,0.0,0.0,0.0,0.0,0.0,0.0,0.0,0.0,0.0,0.0,0.0,0.0,0.0,0.0,0.0,0.0,0.0,0.0,0.0,drink
0.0,0.0,-0.2917358957018822,-0.03489167381463207,-0.5205886610582445,-0.20948495998459737,-0.7251066553259484,-0.3263682982272806,-0.9209040117670755,-0.40848335658372625,-0.27084391124183504,-0.8238090745431363,-0.5701037157176737,-0.8669638203720496,-0.788005389962024,-0.8387599054235952,-0.9572300799827921,-0.7862123369441661,-0.2358389262711675,-0.8738349896687593,-0.5980178709938084,-0.9406170320591349,-0.8216576029745138,-0.9125504348675711,-1.0,-0.8390138952606409,-0.23453248705264,-0.8615512921432877,-0.5914208570788624,-0.9738853795239539,-0.8061887096476047,-0.9358397184889957,-0.9669239454080294,-0.851648089158595,-0.27799787829661643,-0.7980408693174276,-0.5595477732557343,-0.9444211180306137,-0.7269683672222514,-0.9413242665203224,-0.8553563887926624,-0.8874428912973912,0.0,0.0,0.0,0.0,0.0,0.0,0.0,0.0,0.0,0.0,0.0,0.0,0.0,0.0,0.0,0.0,0.0,0.0,0.0,0.0,0.0,0.0,0.0,0.0,0.0,0.0,0.0,0.0,0.0,0.0,0.0,0.0,0.0,0.0,0.0,0.0,0.0,0.0,0.0,0.0,0.0,0.0,drink
0.0,0.0,-0.28645251481765716,-0.027330683977334364,-0.5135427502828047,-0.18885685929894422,-0.7158223465693309,-0.30116351952114695,-0.90866331910832,-0.38201966436594303,-0.2774322967966295,-0.8036657498463502,-0.5803163194172605,-0.840445605614747,-0.7938136427926156,-0.8055822121544403,-0.9595988836888336,-0.747026037728242,-0.2417588135935684,-0.8527038385971196,-0.6042048251907907,-0.9129945801808357,-0.8251031247055338,-0.87918036544986,-1.0,-0.8002561533769913,-0.23901866628662458,-0.8403518452278541,-0.5937575740812537,-0.9443757128719416,-0.8070333885425744,-0.9003631808586295,-0.9637292631324313,-0.8097104819893329,-0.27995960802532655,-0.7776425544642367,-0.55921741955476,-0.9122238698005763,-0.7251358002003659,-0.9000007969632886,-0.8493720632488818,-0.8363820304468105,0.0,0.0,0.0,0.0,0.0,0.0,0.0,0.0,0.0,0.0,0.0,0.0,0.0,0.0,0.0,0.0,0.0,0.0,0.0,0.0,0.0,0.0,0.0,0.0,0.0,0.0,0.0,0.0,0.0,0.0,0.0,0.0,0.0,0.0,0.0,0.0,0.0,0.0,0.0,0.0,0.0,0.0,drink
0.0,0.0,-0.2906046209902703,-0.03199420782165857,-0.5144520301732941,-0.19877761749999306,-0.7115575119507572,-0.31282753114404765,-0.9001496097117865,-0.38589371703896597,-0.28080190435882674,-0.7957152850485469,-0.5784282016616935,-0.8310717840149554,-0.78972350387978,-0.7961435994488744,-0.9564182011904091,-0.7391560681569729,-0.2424698447256339,-0.8443818734758337,-0.6025570415903909,-0.9020467606586524,-0.8230982979238534,-0.8696219282187573,-1.0,-0.7947292840449882,-0.23755277692813098,-0.8318309216198508,-0.5898150347133343,-0.9350838008444309,-0.8037261966697746,-0.8955259395887257,-0.9628138084496682,-0.8129305668627888,-0.2786848206670246,-0.7692845439953279,-0.5566199756225806,-0.9090365559641047,-0.723787112495599,-0.902454283097799,-0.8512161911160109,-0.8448647090188135,0.0,0.0,0.0,0.0,0.0,0.0,0.0,0.0,0.0,0.0,0.0,0.0,0.0,0.0,0.0,0.0,0.0,0.0,0.0,0.0,0.0,0.0,0.0,0.0,0.0,0.0,0.0,0.0,0.0,0.0,0.0,0.0,0.0,0.0,0.0,0.0,0.0,0.0,0.0,0.0,0.0,0.0,drink
0.0,0.0,-0.2974812682555137,-0.03647763243919532,-0.5145714863574576,-0.20254977493685533,-0.709214419092504,-0.3204522899057886,-0.8929727149153133,-0.38957795368920123,-0.2925548076968303,-0.7812240424821384,-0.5854677879844031,-0.810732478234489,-0.7989412389996566,-0.782947880361418,-0.9679989370058371,-0.7352862323441843,-0.24962959827286965,-0.8438315765708561,-0.6036687409163386,-0.906481912636931,-0.8244171170281317,-0.8808915040426702,-1.0,-0.8045487683848603,-0.2386577111760196,-0.8430931248735931,-0.5845282610638408,-0.9528115254906941,-0.8003967414055041,-0.9206761771719651,-0.9585799150545372,-0.836595220289078,-0.2735004021504466,-0.7867022252324711,-0.5461786300545137,-0.9287144825899429,-0.718269624236267,-0.920596217434045,-0.8496063158785929,-0.8546680024646414,0.0,0.0,0.0,0.0,0.0,0.0,0.0,0.0,0.0,0.0,0.0,0.0,0.0,0.0,0.0,0.0,0.0,0.0,0.0,0.0,0.0,0.0,0.0,0.0,0.0,0.0,0.0,0.0,0.0,0.0,0.0,0.0,0.0,0.0,0.0,0.0,0.0,0.0,0.0,0.0,0.0,0.0,drink
0.0,0.0,-0.28329398213451673,-0.026153232046430122,-0.5049266452293354,-0.200189869046546,-0.69767205565434,-0.3220872016322651,-0.8817017510795729,-0.3928865830946313,-0.3161757424148955,-0.7538840628230086,-0.5945200187761992,-0.7856266088241113,-0.8044561867225114,-0.7607717907507319,-0.9702535372181961,-0.7183904910959377,-0.27361979133134257,-0.8224228086337739,-0.6122838951950957,-0.8879170944182948,-0.8291468886409847,-0.8667088858011432,-1.0,-0.7948999909864879,-0.25437723069791507,-0.8283960747910797,-0.5881503922048338,-0.9437240788366248,-0.7993973823356234,-0.9116729663702353,-0.9516634612120481,-0.829922518913743,-0.2727240589366631,-0.7786658363310089,-0.5387521319297227,-0.9210437412864506,-0.7089920903505086,-0.9115044019885915,-0.837139649737262,-0.8436829912685991,0.0,0.0,0.0,0.0,0.0,0.0,0.0,0.0,0.0,0.0,0.0,0.0,0.0,0.0,0.0,0.0,0.0,0.0,0.0,0.0,0.0,0.0,0.0,0.0,0.0,0.0,0.0,0.0,0.0,0.0,0.0,0.0,0.0,0.0,0.0,0.0,0.0,0.0,0.0,0.0,0.0,0.0,drink
0.0,0.0,-0.28860671014221334,-0.0426985843179382,-0.5067170810349937,-0.2065355345410596,-0.7021036232948542,-0.31792798895543817,-0.8845605184761791,-0.3963761249767642,-0.28961249117852983,-0.780025197901459,-0.5843792040498583,-0.8164185051643167,-0.8005193209051844,-0.7905777764163144,-0.9680419689637415,-0.7414421006389054,-0.24925454080897377,-0.8345624794475119,-0.6073439188654493,-0.9048543671295719,-0.8286106413675838,-0.8776978150138,-1.0,-0.8000090042233985,-0.23827170893894278,-0.8302891864150403,-0.5865989307716782,-0.9517598731425598,-0.80056248548127,-0.9157610808224198,-0.9513112864459286,-0.8256422645250538,-0.27020560494341145,-0.7729438867472916,-0.5442946293288442,-0.9216063998678143,-0.7144774684393848,-0.9140461011596651,-0.8398480514094743,-0.8447330746707715,0.0,0.0,0.0,0.0,0.0,0.0,0.0,0.0,0.0,0.0,0.0,0.0,0.0,0.0,0.0,0.0,0.0,0.0,0.0,0.0,0.0,0.0,0.0,0.0,0.0,0.0,0.0,0.0,0.0,0.0,0.0,0.0,0.0,0.0,0.0,0.0,0.0,0.0,0.0,0.0,0.0,0.0,drink
0.0,0.0,-0.2884168706653124,-0.04158713215572336,-0.5029399404387491,-0.20363557808995547,-0.6978677943548424,-0.3158507174670947,-0.8815900185436811,-0.3904815457242882,-0.28159437535569287,-0.7778139332663474,-0.5892726665414083,-0.7928240583159287,-0.7982124363383537,-0.7556631748633731,-0.9642811759398687,-0.7088315302485289,-0.24253646333969608,-0.8326739116819745,-0.6116823375748713,-0.8788379656229379,-0.8265727864445056,-0.8439049561459641,-1.0,-0.7677047678953784,-0.23398122758624446,-0.8252160479539775,-0.5920387883342728,-0.9209628917613593,-0.8029690766190776,-0.8836935418430949,-0.9598587848306698,-0.8021140522617755,-0.2711598105875978,-0.7666459718096109,-0.5495156223479042,-0.900655155606264,-0.7165147228477575,-0.8966110356232919,-0.8436548932898741,-0.8394596463902451,0.0,0.0,0.0,0.0,0.0,0.0,0.0,0.0,0.0,0.0,0.0,0.0,0.0,0.0,0.0,0.0,0.0,0.0,0.0,0.0,0.0,0.0,0.0,0.0,0.0,0.0,0.0,0.0,0.0,0.0,0.0,0.0,0.0,0.0,0.0,0.0,0.0,0.0,0.0,0.0,0.0,0.0,drink
0.0,0.0,-0.2947870983084022,-0.04840741028678048,-0.5062994754629143,-0.21876534854048812,-0.6985418600716151,-0.3315513401533825,-0.8816787015992208,-0.4022819878446419,-0.2847308031774051,-0.7994096099584304,-0.5863796422904024,-0.829917363686668,-0.7986413254736611,-0.7967475956811436,-0.9658300902276957,-0.7430015228496037,-0.24475668704754674,-0.8521450228427441,-0.6097208566372005,-0.9158069959619334,-0.8274819476011689,-0.880847308031774,-1.0,-0.7985393448545518,-0.2337752493494734,-0.8431213386442523,-0.5890057575605139,-0.9501118128312656,-0.8024765741828974,-0.9090547814276372,-0.9575426786604411,-0.8199360677553745,-0.26689379838934646,-0.780048840942246,-0.5426102922682228,-0.9213898632179229,-0.7113678665014245,-0.9144281996990886,-0.8380671242837348,-0.8518317639903232,0.0,0.0,0.0,0.0,0.0,0.0,0.0,0.0,0.0,0.0,0.0,0.0,0.0,0.0,0.0,0.0,0.0,0.0,0.0,0.0,0.0,0.0,0.0,0.0,0.0,0.0,0.0,0.0,0.0,0.0,0.0,0.0,0.0,0.0,0.0,0.0,0.0,0.0,0.0,0.0,0.0,0.0,drink
0.0,0.0,-0.28613555066929797,-0.045432424255818414,-0.5099700190612905,-0.21864168094793907,-0.703798127582624,-0.3320626569785324,-0.8867672779730678,-0.40480702705017657,-0.29805418188405614,-0.7903526006649352,-0.587116601369399,-0.8222911977970159,-0.79885311630227,-0.7913016573451925,-0.9624119506023326,-0.7383363247092999,-0.25907231999699526,-0.8474022665140787,-0.611017760230815,-0.9069541990834182,-0.829295071203298,-0.8758089253925565,-1.0,-0.7968558375116027,-0.24851498050700788,-0.8412027094835359,-0.5911056624834734,-0.9528835955873445,-0.8047996068193753,-0.9137189761638826,-0.9582788362421478,-0.822241271552736,-0.2806028983329902,-0.7817987234912828,-0.5471627808551632,-0.9258418927451442,-0.7152827669032972,-0.9146538336370513,-0.8413350827367185,-0.8427664544190566,0.0,0.0,0.0,0.0,0.0,0.0,0.0,0.0,0.0,0.0,0.0,0.0,0.0,0.0,0.0,0.0,0.0,0.0,0.0,0.0,0.0,0.0,0.0,0.0,0.0,0.0,0.0,0.0,0.0,0.0,0.0,0.0,0.0,0.0,0.0,0.0,0.0,0.0,0.0,0.0,0.0,0.0,drink
0.0,0.0,-0.2966630384875952,-0.043519342873013275,-0.5170074907449326,-0.20956151323046918,-0.7092197947212059,-0.32719524327835103,-0.8925632420050482,-0.3998858797783829,-0.289790138967056,-0.7898160545318526,-0.5830070953605635,-0.8303525846991754,-0.7966109780167208,-0.8036921194207574,-0.9622747352598918,-0.7524247106974405,-0.25076175706611953,-0.8443561633405301,-0.6090283864877621,-0.9111550223217869,-0.8289063585787629,-0.8819832700122056,-1.0,-0.8054910724319395,-0.24435992453754476,-0.8367053381935338,-0.5916748197492199,-0.9483697733695325,-0.8070955440365075,-0.912952140602718,-0.9606248540816097,-0.8237035222692678,-0.283446559123953,-0.7776742684127794,-0.5562039798051241,-0.9206080112579048,-0.7255931568231095,-0.9119824856650232,-0.8505392042866637,-0.8442286495880801,0.0,0.0,0.0,0.0,0.0,0.0,0.0,0.0,0.0,0.0,0.0,0.0,0.0,0.0,0.0,0.0,0.0,0.0,0.0,0.0,0.0,0.0,0.0,0.0,0.0,0.0,0.0,0.0,0.0,0.0,0.0,0.0,0.0,0.0,0.0,0.0,0.0,0.0,0.0,0.0,0.0,0.0,drink
0.0,0.0,-0.2940803201132571,-0.036541423471761,-0.5154044964501281,-0.2024703320248918,-0.7086533756185894,-0.3216885992927481,-0.8940578883573369,-0.3952219429111812,-0.3035500580689283,-0.780488747007257,-0.592783815813876,-0.8219349064881992,-0.8063471630693251,-0.7969909800606355,-0.9745518244533597,-0.7487212851999975,-0.26019719933477276,-0.8392287664465609,-0.612317826334928,-0.9049766153598424,-0.8282888642387781,-0.8776778199497892,-1.0,-0.80638485958861,-0.2452051539984256,-0.8388913593295045,-0.5938900457686936,-0.9385576985949204,-0.805209752043,-0.9012939911980954,-0.9607923622198038,-0.8189247696149301,-0.27155595175683234,-0.7852980782454085,-0.5504457380710878,-0.9161254772856365,-0.7194874017999855,-0.907943471044303,-0.8477216526247132,-0.8488944332246883,0.0,0.0,0.0,0.0,0.0,0.0,0.0,0.0,0.0,0.0,0.0,0.0,0.0,0.0,0.0,0.0,0.0,0.0,0.0,0.0,0.0,0.0,0.0,0.0,0.0,0.0,0.0,0.0,0.0,0.0,0.0,0.0,0.0,0.0,0.0,0.0,0.0,0.0,0.0,0.0,0.0,0.0,drink
0.0,0.0,-0.2972012910277617,-0.024524257587281884,-0.5206848874514859,-0.18767660879125067,-0.7143185838501075,-0.30338917137407784,-0.8997162025677986,-0.37813684621369337,-0.29681122542004396,-0.7758386116487518,-0.5858521933662026,-0.8214494678004135,-0.8014069652354615,-0.7973679746725555,-0.9699353051016488,-0.7453763227352963,-0.2514765677143779,-0.8323623648327387,-0.6033500942344868,-0.9056627033522822,-0.825920635999856,-0.8781896626967649,-1.0,-0.8005826046266298,-0.23881755069382507,-0.8276307607902663,-0.5859945273183554,-0.9422521748274995,-0.8070048066528536,-0.9042181901849801,-0.9665623433297252,-0.8163249749974533,-0.2733734111237395,-0.7683741957249468,-0.5535059205042527,-0.9146473870427169,-0.7283400073449025,-0.9008431110484789,-0.8592528949667185,-0.831703629186412,0.0,0.0,0.0,0.0,0.0,0.0,0.0,0.0,0.0,0.0,0.0,0.0,0.0,0.0,0.0,0.0,0.0,0.0,0.0,0.0,0.0,0.0,0.0,0.0,0.0,0.0,0.0,0.0,0.0,0.0,0.0,0.0,0.0,0.0,0.0,0.0,0.0,0.0,0.0,0.0,0.0,0.0,drink
0.0,0.0,-0.28949202012646175,-0.024911869716503967,-0.5076478344206518,-0.19255917268644338,-0.7005881936578177,-0.31206080360521116,-0.8830462754828853,-0.38835361037278915,-0.2649949641517682,-0.7893543367671477,-0.5716613078719843,-0.8276780471584906,-0.7937945369218328,-0.7986495508183282,-0.9632776964010205,-0.7433904344985821,-0.22511969986673755,-0.8449450218941232,-0.5898263402493257,-0.9170417195863808,-0.8220778264888674,-0.8848174643169647,-1.0,-0.8048778709802279,-0.22114510697326825,-0.8354245291781726,-0.5720384967846056,-0.9526277533438479,-0.7948275736382575,-0.9181920987388392,-0.9521842506697807,-0.8357965446767803,-0.2666212973934694,-0.7698388081770982,-0.5404016591609052,-0.9156486602856524,-0.7151000902760746,-0.9070828976103765,-0.8445920539652925,-0.8441948768621645,0.0,0.0,0.0,0.0,0.0,0.0,0.0,0.0,0.0,0.0,0.0,0.0,0.0,0.0,0.0,0.0,0.0,0.0,0.0,0.0,0.0,0.0,0.0,0.0,0.0,0.0,0.0,0.0,0.0,0.0,0.0,0.0,0.0,0.0,0.0,0.0,0.0,0.0,0.0,0.0,0.0,0.0,drink
0.0,0.0,-0.29022461097504043,-0.04052194264615981,-0.508882426795113,-0.2012239134138477,-0.7031908588486209,-0.3109398244513727,-0.8897771742968394,-0.38588348700422287,-0.2807976296437171,-0.7866989320764647,-0.5819289466453087,-0.8170751233550619,-0.8013239445745332,-0.7830323658604742,-0.9704884769556593,-0.7264089489200154,-0.23892764358328772,-0.8386083922228337,-0.6019948432211991,-0.9030851409211117,-0.8265533788134841,-0.8671168068897511,-1.0,-0.7881770253221938,-0.22858378763375264,-0.8314584482631239,-0.5845078021741629,-0.9403563039092093,-0.799116593402931,-0.8924369031079812,-0.9514639112883021,-0.8021440975438994,-0.2614523676177784,-0.7716126854987213,-0.5396879223560554,-0.908600372483227,-0.7089864666602808,-0.8953604606094676,-0.836020214125416,-0.8322550617468676,0.0,0.0,0.0,0.0,0.0,0.0,0.0,0.0,0.0,0.0,0.0,0.0,0.0,0.0,0.0,0.0,0.0,0.0,0.0,0.0,0.0,0.0,0.0,0.0,0.0,0.0,0.0,0.0,0.0,0.0,0.0,0.0,0.0,0.0,0.0,0.0,0.0,0.0,0.0,0.0,0.0,0.0,drink
0.0,0.0,-0.2878427100379652,-0.029337543569102165,-0.5080599911761152,-0.19741943521516883,-0.6996277482139127,-0.31505249836776866,-0.8818463557449392,-0.3855114996201608,-0.317198987969729,-0.7594076943900888,-0.590419527950264,-0.8020972182281602,-0.7998657214556225,-0.7808674384599604,-0.9660158661317382,-0.7350385037988604,-0.27224260624959606,-0.8233761756983468,-0.6124298281028554,-0.8906981079230429,-0.8281206530424137,-0.867958338524313,-1.0,-0.7946784106141405,-0.25159827531457335,-0.8286199238073471,-0.5903207041872237,-0.934181968737969,-0.8024557470935978,-0.900971564047634,-0.958082097724056,-0.8156342003284134,-0.269700353236408,-0.7786506949980189,-0.5402467971265235,-0.9155960759003969,-0.7098906662595065,-0.9090329603009488,-0.8395902982229521,-0.8438153653622242,0.0,0.0,0.0,0.0,0.0,0.0,0.0,0.0,0.0,0.0,0.0,0.0,0.0,0.0,0.0,0.0,0.0,0.0,0.0,0.0,0.0,0.0,0.0,0.0,0.0,0.0,0.0,0.0,0.0,0.0,0.0,0.0,0.0,0.0,0.0,0.0,0.0,0.0,0.0,0.0,0.0,0.0,drink
0.0,0.0,-0.2931116952910414,-0.02986022797363191,-0.5098653457204012,-0.20128462928731167,-0.7035294910157581,-0.31804878185697955,-0.8915531215331535,-0.3883335956919238,-0.29789777090317704,-0.7749054514996425,-0.5755813776702978,-0.8172218260204677,-0.786744334165474,-0.7900481812000462,-0.9553195913568087,-0.7416209176438062,-0.2523301769996578,-0.8349182832906737,-0.5978494236336517,-0.8981725106360484,-0.8196684270811138,-0.8710797954491817,-1.0,-0.7997747068698265,-0.23587853912187606,-0.8338989441489629,-0.5819198520625011,-0.9384469322640018,-0.7999856852786892,-0.9011734562964775,-0.9632062543169293,-0.8175913890869898,-0.2659371148679198,-0.7779672113355752,-0.5462338599762965,-0.9176250941742593,-0.7177974321916095,-0.9046950648594877,-0.848294828994047,-0.8368007159231861,0.0,0.0,0.0,0.0,0.0,0.0,0.0,0.0,0.0,0.0,0.0,0.0,0.0,0.0,0.0,0.0,0.0,0.0,0.0,0.0,0.0,0.0,0.0,0.0,0.0,0.0,0.0,0.0,0.0,0.0,0.0,0.0,0.0,0.0,0.0,0.0,0.0,0.0,0.0,0.0,0.0,0.0,drink
0.0,0.0,-0.29568466225387774,-0.015675282535421782,-0.5194390852105479,-0.1878526926655177,-0.7169781959674837,-0.3084378383943142,-0.9073574073085546,-0.37409491436240794,-0.30097362240151293,-0.7624486212576449,-0.5878209503256211,-0.8027961855811613,-0.8031414907651715,-0.7802543581374777,-0.97291463312337,-0.7342822990223741,-0.2548900361462321,-0.8283859449113121,-0.6017656557414554,-0.90157586895847,-0.8236627228636356,-0.8763907529702442,-1.0,-0.8020950897555172,-0.24090148245306328,-0.8300464601095063,-0.5852448640322113,-0.9440939230100508,-0.804131651593027,-0.9052562645843183,-0.9639795933930179,-0.8189480798267421,-0.27479095810392423,-0.7729159676361584,-0.5543513695914103,-0.9152045808104686,-0.7290336125642473,-0.8968845798953742,-0.8596228380892827,-0.8210175278722528,0.0,0.0,0.0,0.0,0.0,0.0,0.0,0.0,0.0,0.0,0.0,0.0,0.0,0.0,0.0,0.0,0.0,0.0,0.0,0.0,0.0,0.0,0.0,0.0,0.0,0.0,0.0,0.0,0.0,0.0,0.0,0.0,0.0,0.0,0.0,0.0,0.0,0.0,0.0,0.0,0.0,0.0,drink
0.0,0.0,-0.2952724712923472,-0.018852878096093803,-0.5163592267683708,-0.18859410038702934,-0.7107395004896607,-0.31146886941941837,-0.8984835084896456,-0.37726761791801144,-0.31088710359566996,-0.7673134073056254,-0.593113311817083,-0.7997846808558631,-0.8022733979823347,-0.7754980723720444,-0.9682401912778359,-0.731272591592873,-0.2661099321241877,-0.831975879744587,-0.6103921797139479,-0.8917525530967048,-0.8265050253664936,-0.8644870968287653,-1.0,-0.7889134606889837,-0.25152678284439317,-0.8320012556367375,-0.5932030672874675,-0.9356528465172058,-0.8062877231433776,-0.900076785569952,-0.9638496920118571,-0.815532301631012,-0.2807236264593488,-0.774753242945032,-0.5560588701900936,-0.9151345580177481,-0.7258755152715879,-0.9049376786885739,-0.8543343903488904,-0.8367456076210383,0.0,0.0,0.0,0.0,0.0,0.0,0.0,0.0,0.0,0.0,0.0,0.0,0.0,0.0,0.0,0.0,0.0,0.0,0.0,0.0,0.0,0.0,0.0,0.0,0.0,0.0,0.0,0.0,0.0,0.0,0.0,0.0,0.0,0.0,0.0,0.0,0.0,0.0,0.0,0.0,0.0,0.0,drink
0.0,0.0,-0.2976076854879541,-0.02740367636266226,-0.522198900356629,-0.1920010215652519,-0.721020095102636,-0.30610015344682856,-0.9100520748541572,-0.375639626836538,-0.2960164373995604,-0.7771524669646389,-0.5864352343886758,-0.811725476956235,-0.7977849751217291,-0.7878647660589657,-0.9657876948978518,-0.7420818679942617,-0.2529118497092803,-0.8358330975361571,-0.6047114985226649,-0.896055028817517,-0.8230274849586532,-0.8694095159651377,-1.0,-0.7961734653609039,-0.24325174397633437,-0.8321779860698646,-0.5899916291020757,-0.9345281751513206,-0.8035268032476163,-0.8969493696146065,-0.9628188886849632,-0.8105422895265766,-0.28125604463410836,-0.7746093914736526,-0.5587603814566117,-0.9115792395134654,-0.7266377615846701,-0.898190986053137,-0.8546053014430316,-0.828733501756522,0.0,0.0,0.0,0.0,0.0,0.0,0.0,0.0,0.0,0.0,0.0,0.0,0.0,0.0,0.0,0.0,0.0,0.0,0.0,0.0,0.0,0.0,0.0,0.0,0.0,0.0,0.0,0.0,0.0,0.0,0.0,0.0,0.0,0.0,0.0,0.0,0.0,0.0,0.0,0.0,0.0,0.0,drink
0.0,0.0,-0.292531604168652,-0.03422382249660362,-0.5182870562139741,-0.19901994633791978,-0.7192258313528103,-0.3099868646184155,-0.910927698894722,-0.38240289849936765,-0.28017390613110577,-0.8070808470046493,-0.5761193686780289,-0.8501149046595408,-0.7884992862454885,-0.8170580863525636,-0.9540982342656756,-0.757339268757186,-0.2406030303799396,-0.8587814790640789,-0.6009994957507543,-0.9195298653946624,-0.8221163814920893,-0.88410599673507,-1.0,-0.8046199382929176,-0.23068086098762938,-0.8488444647272145,-0.5858959618398728,-0.9526628239011269,-0.8021925504237274,-0.9090790244285535,-0.9635477597781494,-0.8178956285469241,-0.2656095789159647,-0.7866039220343513,-0.5488590223502612,-0.9266089884702667,-0.7178234629616239,-0.9143341348007162,-0.8462877821796497,-0.8475347575221968,0.0,0.0,0.0,0.0,0.0,0.0,0.0,0.0,0.0,0.0,0.0,0.0,0.0,0.0,0.0,0.0,0.0,0.0,0.0,0.0,0.0,0.0,0.0,0.0,0.0,0.0,0.0,0.0,0.0,0.0,0.0,0.0,0.0,0.0,0.0,0.0,0.0,0.0,0.0,0.0,0.0,0.0,drink
0.0,0.0,-0.2927656272569939,-0.036631815309141176,-0.5147247046855714,-0.20460108549066694,-0.718027478398461,-0.31818693482420923,-0.91482790256923,-0.39604640275181274,-0.2618641392994855,-0.8258405734937904,-0.5627960838757476,-0.8733012998077547,-0.7805136988569019,-0.8424356171996146,-0.9504971425614509,-0.78287121134647,-0.2222330128754565,-0.8798100256449684,-0.5902896873481798,-0.9481462516090948,-0.8170189692326595,-0.9162328946687551,-1.0,-0.8364046230101361,-0.21546383990790668,-0.8687378344581363,-0.5806163572078988,-0.983789250694587,-0.7999680204276876,-0.9419847886123294,-0.9641144564588559,-0.8507458916427126,-0.2587735981163443,-0.8031076100346208,-0.5483819783338397,-0.9565266652982156,-0.7183374644368272,-0.945103287397032,-0.8479015735470079,-0.8771290388004913,0.0,0.0,0.0,0.0,0.0,0.0,0.0,0.0,0.0,0.0,0.0,0.0,0.0,0.0,0.0,0.0,0.0,0.0,0.0,0.0,0.0,0.0,0.0,0.0,0.0,0.0,0.0,0.0,0.0,0.0,0.0,0.0,0.0,0.0,0.0,0.0,0.0,0.0,0.0,0.0,0.0,0.0,drink
